library,target,sample,sample_type,ACE2,sort_bin,concentration,date,number_cells,R1
lib40,SARSr-DMS,TiteSeq_huACE2mon_01_bin1,TiteSeq_huACE2mon,huACE2mon,1,1,210913,10323934,/shared/ngs/illumina/tstarr/210924_D00300_1327_AHMJJVBCX3/Unaligned/Project_tstarr/210913_s01-b1_S1_R1_001.fastq.gz
lib40,SARSr-DMS,TiteSeq_huACE2mon_01_bin2,TiteSeq_huACE2mon,huACE2mon,2,1,210913,1496396,/shared/ngs/illumina/tstarr/210924_D00300_1327_AHMJJVBCX3/Unaligned/Project_tstarr/210913_s01-b2_S2_R1_001.fastq.gz
lib40,SARSr-DMS,TiteSeq_huACE2mon_01_bin3,TiteSeq_huACE2mon,huACE2mon,3,1,210913,1654446,/shared/ngs/illumina/tstarr/210924_D00300_1327_AHMJJVBCX3/Unaligned/Project_tstarr/210913_s01-b3_S3_R1_001.fastq.gz
lib40,SARSr-DMS,TiteSeq_huACE2mon_01_bin4,TiteSeq_huACE2mon,huACE2mon,4,1,210913,1654641,/shared/ngs/illumina/tstarr/210924_D00300_1327_AHMJJVBCX3/Unaligned/Project_tstarr/210913_s01-b4_S4_R1_001.fastq.gz
lib40,SARSr-DMS,TiteSeq_huACE2mon_02_bin1,TiteSeq_huACE2mon,huACE2mon,1,2,210913,11209257,/shared/ngs/illumina/tstarr/210924_D00300_1327_AHMJJVBCX3/Unaligned/Project_tstarr/210913_s02-b1_S5_R1_001.fastq.gz
lib40,SARSr-DMS,TiteSeq_huACE2mon_02_bin2,TiteSeq_huACE2mon,huACE2mon,2,2,210913,2846357,/shared/ngs/illumina/tstarr/210924_D00300_1327_AHMJJVBCX3/Unaligned/Project_tstarr/210913_s02-b2_S6_R1_001.fastq.gz
lib40,SARSr-DMS,TiteSeq_huACE2mon_02_bin3,TiteSeq_huACE2mon,huACE2mon,3,2,210913,2026454,/shared/ngs/illumina/tstarr/210924_D00300_1327_AHMJJVBCX3/Unaligned/Project_tstarr/210913_s02-b3_S7_R1_001.fastq.gz
lib40,SARSr-DMS,TiteSeq_huACE2mon_02_bin4,TiteSeq_huACE2mon,huACE2mon,4,2,210913,1375159,/shared/ngs/illumina/tstarr/210924_D00300_1327_AHMJJVBCX3/Unaligned/Project_tstarr/210913_s02-b4_S8_R1_001.fastq.gz
lib40,SARSr-DMS,TiteSeq_huACE2mon_03_bin1,TiteSeq_huACE2mon,huACE2mon,1,3,210913,11228012,/shared/ngs/illumina/tstarr/210924_D00300_1327_AHMJJVBCX3/Unaligned/Project_tstarr/210913_s03-b1_S9_R1_001.fastq.gz
lib40,SARSr-DMS,TiteSeq_huACE2mon_03_bin2,TiteSeq_huACE2mon,huACE2mon,2,3,210913,2219180,/shared/ngs/illumina/tstarr/210924_D00300_1327_AHMJJVBCX3/Unaligned/Project_tstarr/210913_s03-b2_S10_R1_001.fastq.gz
lib40,SARSr-DMS,TiteSeq_huACE2mon_03_bin3,TiteSeq_huACE2mon,huACE2mon,3,3,210913,1398596,/shared/ngs/illumina/tstarr/210924_D00300_1327_AHMJJVBCX3/Unaligned/Project_tstarr/210913_s03-b3_S11_R1_001.fastq.gz
lib40,SARSr-DMS,TiteSeq_huACE2mon_03_bin4,TiteSeq_huACE2mon,huACE2mon,4,3,210913,227455,/shared/ngs/illumina/tstarr/210924_D00300_1327_AHMJJVBCX3/Unaligned/Project_tstarr/210913_s03-b4_S12_R1_001.fastq.gz
lib40,SARSr-DMS,TiteSeq_huACE2mon_04_bin1,TiteSeq_huACE2mon,huACE2mon,1,4,210913,12563203,/shared/ngs/illumina/tstarr/210924_D00300_1327_AHMJJVBCX3/Unaligned/Project_tstarr/210913_s04-b1_S13_R1_001.fastq.gz
lib40,SARSr-DMS,TiteSeq_huACE2mon_04_bin2,TiteSeq_huACE2mon,huACE2mon,2,4,210913,2472178,/shared/ngs/illumina/tstarr/210924_D00300_1327_AHMJJVBCX3/Unaligned/Project_tstarr/210913_s04-b2_S14_R1_001.fastq.gz
lib40,SARSr-DMS,TiteSeq_huACE2mon_04_bin3,TiteSeq_huACE2mon,huACE2mon,3,4,210913,110610,/shared/ngs/illumina/tstarr/210924_D00300_1327_AHMJJVBCX3/Unaligned/Project_tstarr/210913_s04-b3_S15_R1_001.fastq.gz
lib40,SARSr-DMS,TiteSeq_huACE2mon_04_bin4,TiteSeq_huACE2mon,huACE2mon,4,4,210913,5011,/shared/ngs/illumina/tstarr/210924_D00300_1327_AHMJJVBCX3/Unaligned/Project_tstarr/210913_s04-b4_S16_R1_001.fastq.gz
lib40,SARSr-DMS,TiteSeq_huACE2mon_05_bin1,TiteSeq_huACE2mon,huACE2mon,1,5,210913,13799892,/shared/ngs/illumina/tstarr/210924_D00300_1327_AHMJJVBCX3/Unaligned/Project_tstarr/210913_s05-b1_S17_R1_001.fastq.gz
lib40,SARSr-DMS,TiteSeq_huACE2mon_05_bin2,TiteSeq_huACE2mon,huACE2mon,2,5,210913,1418611,/shared/ngs/illumina/tstarr/210924_D00300_1327_AHMJJVBCX3/Unaligned/Project_tstarr/210913_s05-b2_S18_R1_001.fastq.gz
lib40,SARSr-DMS,TiteSeq_huACE2mon_05_bin3,TiteSeq_huACE2mon,huACE2mon,3,5,210913,3384,/shared/ngs/illumina/tstarr/210924_D00300_1327_AHMJJVBCX3/Unaligned/Project_tstarr/210913_s05-b3_S19_R1_001.fastq.gz
lib40,SARSr-DMS,TiteSeq_huACE2mon_05_bin4,TiteSeq_huACE2mon,huACE2mon,4,5,210913,249,/shared/ngs/illumina/tstarr/210924_D00300_1327_AHMJJVBCX3/Unaligned/Project_tstarr/210913_s05-b4_S20_R1_001.fastq.gz
lib40,SARSr-DMS,TiteSeq_huACE2mon_06_bin1,TiteSeq_huACE2mon,huACE2mon,1,6,210913,13824020,/shared/ngs/illumina/tstarr/210924_D00300_1327_AHMJJVBCX3/Unaligned/Project_tstarr/210913_s06-b1_S21_R1_001.fastq.gz
lib40,SARSr-DMS,TiteSeq_huACE2mon_06_bin2,TiteSeq_huACE2mon,huACE2mon,2,6,210913,1219861,/shared/ngs/illumina/tstarr/210924_D00300_1327_AHMJJVBCX3/Unaligned/Project_tstarr/210913_s06-b2_S22_R1_001.fastq.gz
lib40,SARSr-DMS,TiteSeq_huACE2mon_06_bin3,TiteSeq_huACE2mon,huACE2mon,3,6,210913,1573,/shared/ngs/illumina/tstarr/210924_D00300_1327_AHMJJVBCX3/Unaligned/Project_tstarr/210913_s06-b3_S23_R1_001.fastq.gz
lib40,SARSr-DMS,TiteSeq_huACE2mon_06_bin4,TiteSeq_huACE2mon,huACE2mon,4,6,210913,254,/shared/ngs/illumina/tstarr/210924_D00300_1327_AHMJJVBCX3/Unaligned/Project_tstarr/210913_s06-b4_S24_R1_001.fastq.gz
lib40,SARSr-DMS,TiteSeq_huACE2mon_07_bin1,TiteSeq_huACE2mon,huACE2mon,1,7,210913,13832289,/shared/ngs/illumina/tstarr/210924_D00300_1327_AHMJJVBCX3/Unaligned/Project_tstarr/210913_s07-b1_S25_R1_001.fastq.gz
lib40,SARSr-DMS,TiteSeq_huACE2mon_07_bin2,TiteSeq_huACE2mon,huACE2mon,2,7,210913,1255073,/shared/ngs/illumina/tstarr/210924_D00300_1327_AHMJJVBCX3/Unaligned/Project_tstarr/210913_s07-b2_S26_R1_001.fastq.gz
lib40,SARSr-DMS,TiteSeq_huACE2mon_07_bin3,TiteSeq_huACE2mon,huACE2mon,3,7,210913,1681,/shared/ngs/illumina/tstarr/210924_D00300_1327_AHMJJVBCX3/Unaligned/Project_tstarr/210913_s07-b3_S27_R1_001.fastq.gz
lib40,SARSr-DMS,TiteSeq_huACE2mon_07_bin4,TiteSeq_huACE2mon,huACE2mon,4,7,210913,293,/shared/ngs/illumina/tstarr/210924_D00300_1327_AHMJJVBCX3/Unaligned/Project_tstarr/210913_s07-b4_S28_R1_001.fastq.gz
lib40,SARSr-DMS,TiteSeq_huACE2mon_09_bin1,TiteSeq_huACE2mon,huACE2mon,1,9,210913,13539206,/shared/ngs/illumina/tstarr/210924_D00300_1327_AHMJJVBCX3/Unaligned/Project_tstarr/210913_s09-b1_S29_R1_001.fastq.gz
lib40,SARSr-DMS,TiteSeq_huACE2mon_09_bin2,TiteSeq_huACE2mon,huACE2mon,2,9,210913,1754011,/shared/ngs/illumina/tstarr/210924_D00300_1327_AHMJJVBCX3/Unaligned/Project_tstarr/210913_s09-b2_S30_R1_001.fastq.gz
lib40,SARSr-DMS,TiteSeq_huACE2mon_09_bin3,TiteSeq_huACE2mon,huACE2mon,3,9,210913,1030,/shared/ngs/illumina/tstarr/210924_D00300_1327_AHMJJVBCX3/Unaligned/Project_tstarr/210913_s09-b3_S31_R1_001.fastq.gz
lib40,SARSr-DMS,TiteSeq_huACE2mon_09_bin4,TiteSeq_huACE2mon,huACE2mon,4,9,210913,222,/shared/ngs/illumina/tstarr/210924_D00300_1327_AHMJJVBCX3/Unaligned/Project_tstarr/210913_s09-b4_S32_R1_001.fastq.gz
lib40,SARSr-DMS,SortSeq_bin1,SortSeq,,1,,210913,1000000,/shared/ngs/illumina/tstarr/210924_D00300_1327_AHMJJVBCX3/Unaligned/Project_tstarr/210913_fitc_bin1_1_S33_R1_001.fastq.gz; /shared/ngs/illumina/tstarr/210924_D00300_1327_AHMJJVBCX3/Unaligned/Project_tstarr/210913_fitc_bin1_2_S34_R1_001.fastq.gz; /shared/ngs/illumina/tstarr/210924_D00300_1327_AHMJJVBCX3/Unaligned/Project_tstarr/210913_fitc_bin1_3_S35_R1_001.fastq.gz; /shared/ngs/illumina/tstarr/210924_D00300_1327_AHMJJVBCX3/Unaligned/Project_tstarr/210913_fitc_bin1_4_S36_R1_001.fastq.gz
lib40,SARSr-DMS,SortSeq_bin2,SortSeq,,2,,210913,5425000,/shared/ngs/illumina/tstarr/210924_D00300_1327_AHMJJVBCX3/Unaligned/Project_tstarr/210913_fitc_bin2_1_S37_R1_001.fastq.gz; /shared/ngs/illumina/tstarr/210924_D00300_1327_AHMJJVBCX3/Unaligned/Project_tstarr/210913_fitc_bin2_2_S38_R1_001.fastq.gz; /shared/ngs/illumina/tstarr/210924_D00300_1327_AHMJJVBCX3/Unaligned/Project_tstarr/210913_fitc_bin2_3_S39_R1_001.fastq.gz; /shared/ngs/illumina/tstarr/210924_D00300_1327_AHMJJVBCX3/Unaligned/Project_tstarr/210913_fitc_bin2_4_S40_R1_001.fastq.gz
lib40,SARSr-DMS,SortSeq_bin3,SortSeq,,3,,210913,5910000,/shared/ngs/illumina/tstarr/210924_D00300_1327_AHMJJVBCX3/Unaligned/Project_tstarr/210913_fitc_bin3_1_S41_R1_001.fastq.gz; /shared/ngs/illumina/tstarr/210924_D00300_1327_AHMJJVBCX3/Unaligned/Project_tstarr/210913_fitc_bin3_2_S42_R1_001.fastq.gz; /shared/ngs/illumina/tstarr/210924_D00300_1327_AHMJJVBCX3/Unaligned/Project_tstarr/210913_fitc_bin3_3_S43_R1_001.fastq.gz; /shared/ngs/illumina/tstarr/210924_D00300_1327_AHMJJVBCX3/Unaligned/Project_tstarr/210913_fitc_bin3_4_S44_R1_001.fastq.gz
lib40,SARSr-DMS,SortSeq_bin4,SortSeq,,4,,210913,5700000,/shared/ngs/illumina/tstarr/210924_D00300_1327_AHMJJVBCX3/Unaligned/Project_tstarr/210913_fitc_bin4_1_S45_R1_001.fastq.gz; /shared/ngs/illumina/tstarr/210924_D00300_1327_AHMJJVBCX3/Unaligned/Project_tstarr/210913_fitc_bin4_2_S46_R1_001.fastq.gz; /shared/ngs/illumina/tstarr/210924_D00300_1327_AHMJJVBCX3/Unaligned/Project_tstarr/210913_fitc_bin4_3_S47_R1_001.fastq.gz; /shared/ngs/illumina/tstarr/210924_D00300_1327_AHMJJVBCX3/Unaligned/Project_tstarr/210913_fitc_bin4_4_S48_R1_001.fastq.gz
lib41,SARSr-DMS,TiteSeq_huACE2_01_bin1,TiteSeq_huACE2,huACE2,1,1,210915,7732440,/shared/ngs/illumina/tstarr/210929_D00300_1334_BHMTGYBCX3/Unaligned/Project_tstarr/210915_s01-b1_S1_R1_001.fastq.gz
lib41,SARSr-DMS,TiteSeq_huACE2_01_bin2,TiteSeq_huACE2,huACE2,2,1,210915,1594097,/shared/ngs/illumina/tstarr/210929_D00300_1334_BHMTGYBCX3/Unaligned/Project_tstarr/210915_s01-b2_S2_R1_001.fastq.gz
lib41,SARSr-DMS,TiteSeq_huACE2_01_bin3,TiteSeq_huACE2,huACE2,3,1,210915,1105251,/shared/ngs/illumina/tstarr/210929_D00300_1334_BHMTGYBCX3/Unaligned/Project_tstarr/210915_s01-b3_S3_R1_001.fastq.gz
lib41,SARSr-DMS,TiteSeq_huACE2_01_bin4,TiteSeq_huACE2,huACE2,4,1,210915,4737004,/shared/ngs/illumina/tstarr/210929_D00300_1334_BHMTGYBCX3/Unaligned/Project_tstarr/210915_s01-b4_S4_R1_001.fastq.gz
lib41,SARSr-DMS,TiteSeq_huACE2_02_bin1,TiteSeq_huACE2,huACE2,1,2,210915,8213564,/shared/ngs/illumina/tstarr/210929_D00300_1334_BHMTGYBCX3/Unaligned/Project_tstarr/210915_s02-b1_S5_R1_001.fastq.gz
lib41,SARSr-DMS,TiteSeq_huACE2_02_bin2,TiteSeq_huACE2,huACE2,2,2,210915,1328782,/shared/ngs/illumina/tstarr/210929_D00300_1334_BHMTGYBCX3/Unaligned/Project_tstarr/210915_s02-b2_S6_R1_001.fastq.gz
lib41,SARSr-DMS,TiteSeq_huACE2_02_bin3,TiteSeq_huACE2,huACE2,3,2,210915,1099665,/shared/ngs/illumina/tstarr/210929_D00300_1334_BHMTGYBCX3/Unaligned/Project_tstarr/210915_s02-b3_S7_R1_001.fastq.gz
lib41,SARSr-DMS,TiteSeq_huACE2_02_bin4,TiteSeq_huACE2,huACE2,4,2,210915,4563485,/shared/ngs/illumina/tstarr/210929_D00300_1334_BHMTGYBCX3/Unaligned/Project_tstarr/210915_s02-b4_S8_R1_001.fastq.gz
lib41,SARSr-DMS,TiteSeq_huACE2_03_bin1,TiteSeq_huACE2,huACE2,1,3,210915,8515395,/shared/ngs/illumina/tstarr/210929_D00300_1334_BHMTGYBCX3/Unaligned/Project_tstarr/210915_s03-b1_S9_R1_001.fastq.gz
lib41,SARSr-DMS,TiteSeq_huACE2_03_bin2,TiteSeq_huACE2,huACE2,2,3,210915,1391645,/shared/ngs/illumina/tstarr/210929_D00300_1334_BHMTGYBCX3/Unaligned/Project_tstarr/210915_s03-b2_S10_R1_001.fastq.gz
lib41,SARSr-DMS,TiteSeq_huACE2_03_bin3,TiteSeq_huACE2,huACE2,3,3,210915,1318841,/shared/ngs/illumina/tstarr/210929_D00300_1334_BHMTGYBCX3/Unaligned/Project_tstarr/210915_s03-b3_S11_R1_001.fastq.gz
lib41,SARSr-DMS,TiteSeq_huACE2_03_bin4,TiteSeq_huACE2,huACE2,4,3,210915,3887287,/shared/ngs/illumina/tstarr/210929_D00300_1334_BHMTGYBCX3/Unaligned/Project_tstarr/210915_s03-b4_S12_R1_001.fastq.gz
lib41,SARSr-DMS,TiteSeq_huACE2_04_bin1,TiteSeq_huACE2,huACE2,1,4,210915,10402355,/shared/ngs/illumina/tstarr/210929_D00300_1334_BHMTGYBCX3/Unaligned/Project_tstarr/210915_s04-b1_S13_R1_001.fastq.gz
lib41,SARSr-DMS,TiteSeq_huACE2_04_bin2,TiteSeq_huACE2,huACE2,2,4,210915,1477103,/shared/ngs/illumina/tstarr/210929_D00300_1334_BHMTGYBCX3/Unaligned/Project_tstarr/210915_s04-b2_S14_R1_001.fastq.gz
lib41,SARSr-DMS,TiteSeq_huACE2_04_bin3,TiteSeq_huACE2,huACE2,3,4,210915,945428,/shared/ngs/illumina/tstarr/210929_D00300_1334_BHMTGYBCX3/Unaligned/Project_tstarr/210915_s04-b3_S15_R1_001.fastq.gz
lib41,SARSr-DMS,TiteSeq_huACE2_04_bin4,TiteSeq_huACE2,huACE2,4,4,210915,2297387,/shared/ngs/illumina/tstarr/210929_D00300_1334_BHMTGYBCX3/Unaligned/Project_tstarr/210915_s04-b4_S16_R1_001.fastq.gz
lib41,SARSr-DMS,TiteSeq_huACE2_05_bin1,TiteSeq_huACE2,huACE2,1,5,210915,11148385,/shared/ngs/illumina/tstarr/210929_D00300_1334_BHMTGYBCX3/Unaligned/Project_tstarr/210915_s05-b1_S17_R1_001.fastq.gz
lib41,SARSr-DMS,TiteSeq_huACE2_05_bin2,TiteSeq_huACE2,huACE2,2,5,210915,2073391,/shared/ngs/illumina/tstarr/210929_D00300_1334_BHMTGYBCX3/Unaligned/Project_tstarr/210915_s05-b2_S18_R1_001.fastq.gz
lib41,SARSr-DMS,TiteSeq_huACE2_05_bin3,TiteSeq_huACE2,huACE2,3,5,210915,1734137,/shared/ngs/illumina/tstarr/210929_D00300_1334_BHMTGYBCX3/Unaligned/Project_tstarr/210915_s05-b3_S19_R1_001.fastq.gz
lib41,SARSr-DMS,TiteSeq_huACE2_05_bin4,TiteSeq_huACE2,huACE2,4,5,210915,178579,/shared/ngs/illumina/tstarr/210929_D00300_1334_BHMTGYBCX3/Unaligned/Project_tstarr/210915_s05-b4_S20_R1_001.fastq.gz
lib41,SARSr-DMS,TiteSeq_huACE2_06_bin1,TiteSeq_huACE2,huACE2,1,6,210915,13378842,/shared/ngs/illumina/tstarr/210929_D00300_1334_BHMTGYBCX3/Unaligned/Project_tstarr/210915_s06-b1_S21_R1_001.fastq.gz
lib41,SARSr-DMS,TiteSeq_huACE2_06_bin2,TiteSeq_huACE2,huACE2,2,6,210915,2105368,/shared/ngs/illumina/tstarr/210929_D00300_1334_BHMTGYBCX3/Unaligned/Project_tstarr/210915_s06-b2_S22_R1_001.fastq.gz
lib41,SARSr-DMS,TiteSeq_huACE2_06_bin3,TiteSeq_huACE2,huACE2,3,6,210915,1725,/shared/ngs/illumina/tstarr/210929_D00300_1334_BHMTGYBCX3/Unaligned/Project_tstarr/210915_s06-b3_S23_R1_001.fastq.gz
lib41,SARSr-DMS,TiteSeq_huACE2_06_bin4,TiteSeq_huACE2,huACE2,4,6,210915,375,/shared/ngs/illumina/tstarr/210929_D00300_1334_BHMTGYBCX3/Unaligned/Project_tstarr/210915_s06-b4_S24_R1_001.fastq.gz
lib41,SARSr-DMS,TiteSeq_huACE2_07_bin1,TiteSeq_huACE2,huACE2,1,7,210915,13610480,/shared/ngs/illumina/tstarr/210929_D00300_1334_BHMTGYBCX3/Unaligned/Project_tstarr/210915_s07-b1_S25_R1_001.fastq.gz
lib41,SARSr-DMS,TiteSeq_huACE2_07_bin2,TiteSeq_huACE2,huACE2,2,7,210915,1401987,/shared/ngs/illumina/tstarr/210929_D00300_1334_BHMTGYBCX3/Unaligned/Project_tstarr/210915_s07-b2_S26_R1_001.fastq.gz
lib41,SARSr-DMS,TiteSeq_huACE2_07_bin3,TiteSeq_huACE2,huACE2,3,7,210915,455,/shared/ngs/illumina/tstarr/210929_D00300_1334_BHMTGYBCX3/Unaligned/Project_tstarr/210915_s07-b3_S27_R1_001.fastq.gz
lib41,SARSr-DMS,TiteSeq_huACE2_07_bin4,TiteSeq_huACE2,huACE2,4,7,210915,234,/shared/ngs/illumina/tstarr/210929_D00300_1334_BHMTGYBCX3/Unaligned/Project_tstarr/210915_s07-b4_S28_R1_001.fastq.gz
lib41,SARSr-DMS,TiteSeq_huACE2_08_bin1,TiteSeq_huACE2,huACE2,1,8,210915,13563482,/shared/ngs/illumina/tstarr/210929_D00300_1334_BHMTGYBCX3/Unaligned/Project_tstarr/210915_s08-b1_S29_R1_001.fastq.gz
lib41,SARSr-DMS,TiteSeq_huACE2_08_bin2,TiteSeq_huACE2,huACE2,2,8,210915,1450879,/shared/ngs/illumina/tstarr/210929_D00300_1334_BHMTGYBCX3/Unaligned/Project_tstarr/210915_s08-b2_S30_R1_001.fastq.gz
lib41,SARSr-DMS,TiteSeq_huACE2_08_bin3,TiteSeq_huACE2,huACE2,3,8,210915,339,/shared/ngs/illumina/tstarr/210929_D00300_1334_BHMTGYBCX3/Unaligned/Project_tstarr/210915_s08-b3_S31_R1_001.fastq.gz
lib41,SARSr-DMS,TiteSeq_huACE2_08_bin4,TiteSeq_huACE2,huACE2,4,8,210915,143,/shared/ngs/illumina/tstarr/210929_D00300_1334_BHMTGYBCX3/Unaligned/Project_tstarr/210915_s08-b4_S32_R1_001.fastq.gz
lib41,SARSr-DMS,TiteSeq_huACE2_09_bin1,TiteSeq_huACE2,huACE2,1,9,210915,13654299,/shared/ngs/illumina/tstarr/210929_D00300_1334_BHMTGYBCX3/Unaligned/Project_tstarr/210915_s09-b1_S33_R1_001.fastq.gz
lib41,SARSr-DMS,TiteSeq_huACE2_09_bin2,TiteSeq_huACE2,huACE2,2,9,210915,1402503,/shared/ngs/illumina/tstarr/210929_D00300_1334_BHMTGYBCX3/Unaligned/Project_tstarr/210915_s09-b2_S34_R1_001.fastq.gz
lib41,SARSr-DMS,TiteSeq_huACE2_09_bin3,TiteSeq_huACE2,huACE2,3,9,210915,291,/shared/ngs/illumina/tstarr/210929_D00300_1334_BHMTGYBCX3/Unaligned/Project_tstarr/210915_s09-b3_S35_R1_001.fastq.gz
lib41,SARSr-DMS,TiteSeq_huACE2_09_bin4,TiteSeq_huACE2,huACE2,4,9,210915,115,/shared/ngs/illumina/tstarr/210929_D00300_1334_BHMTGYBCX3/Unaligned/Project_tstarr/210915_s09-b4_S36_R1_001.fastq.gz
lib41,SARSr-DMS,SortSeq_bin1,SortSeq,,1,,210915,636000,/shared/ngs/illumina/tstarr/210929_D00300_1334_BHMTGYBCX3/Unaligned/Project_tstarr/210915_fitc_bin1_1_S37_R1_001.fastq.gz; /shared/ngs/illumina/tstarr/210929_D00300_1334_BHMTGYBCX3/Unaligned/Project_tstarr/210915_fitc_bin1_2_S38_R1_001.fastq.gz; /shared/ngs/illumina/tstarr/210929_D00300_1334_BHMTGYBCX3/Unaligned/Project_tstarr/210915_fitc_bin1_3_S39_R1_001.fastq.gz; /shared/ngs/illumina/tstarr/210929_D00300_1334_BHMTGYBCX3/Unaligned/Project_tstarr/210915_fitc_bin1_4_S40_R1_001.fastq.gz
lib41,SARSr-DMS,SortSeq_bin2,SortSeq,,2,,210915,2825000,/shared/ngs/illumina/tstarr/210929_D00300_1334_BHMTGYBCX3/Unaligned/Project_tstarr/210915_fitc_bin2_1_S41_R1_001.fastq.gz; /shared/ngs/illumina/tstarr/210929_D00300_1334_BHMTGYBCX3/Unaligned/Project_tstarr/210915_fitc_bin2_2_S42_R1_001.fastq.gz; /shared/ngs/illumina/tstarr/210929_D00300_1334_BHMTGYBCX3/Unaligned/Project_tstarr/210915_fitc_bin2_3_S43_R1_001.fastq.gz; /shared/ngs/illumina/tstarr/210929_D00300_1334_BHMTGYBCX3/Unaligned/Project_tstarr/210915_fitc_bin2_4_S44_R1_001.fastq.gz
lib41,SARSr-DMS,SortSeq_bin3,SortSeq,,3,,210915,3000000,/shared/ngs/illumina/tstarr/210929_D00300_1334_BHMTGYBCX3/Unaligned/Project_tstarr/210915_fitc_bin3_1_S45_R1_001.fastq.gz; /shared/ngs/illumina/tstarr/210929_D00300_1334_BHMTGYBCX3/Unaligned/Project_tstarr/210915_fitc_bin3_2_S46_R1_001.fastq.gz; /shared/ngs/illumina/tstarr/210929_D00300_1334_BHMTGYBCX3/Unaligned/Project_tstarr/210915_fitc_bin3_3_S47_R1_001.fastq.gz; /shared/ngs/illumina/tstarr/210929_D00300_1334_BHMTGYBCX3/Unaligned/Project_tstarr/210915_fitc_bin3_4_S48_R1_001.fastq.gz
lib41,SARSr-DMS,SortSeq_bin4,SortSeq,,4,,210915,4620000,/shared/ngs/illumina/tstarr/210929_D00300_1334_BHMTGYBCX3/Unaligned/Project_tstarr/210915_fitc_bin4_1_S49_R1_001.fastq.gz; /shared/ngs/illumina/tstarr/210929_D00300_1334_BHMTGYBCX3/Unaligned/Project_tstarr/210915_fitc_bin4_2_S50_R1_001.fastq.gz; /shared/ngs/illumina/tstarr/210929_D00300_1334_BHMTGYBCX3/Unaligned/Project_tstarr/210915_fitc_bin4_3_S51_R1_001.fastq.gz; /shared/ngs/illumina/tstarr/210929_D00300_1334_BHMTGYBCX3/Unaligned/Project_tstarr/210915_fitc_bin4_4_S52_R1_001.fastq.gz
lib40,SARSr-DMS,TiteSeq_huACE2_01_bin1,TiteSeq_huACE2,huACE2,1,1,211026,8123276,/shared/ngs/illumina/tstarr/211116_D00300_1369_AHNH57BCX3/Unaligned/Project_tstarr/211026_s10-b1_S1_R1_001.fastq.gz
lib40,SARSr-DMS,TiteSeq_huACE2_01_bin2,TiteSeq_huACE2,huACE2,2,1,211026,940672,/shared/ngs/illumina/tstarr/211116_D00300_1369_AHNH57BCX3/Unaligned/Project_tstarr/211026_s10-b2_S2_R1_001.fastq.gz
lib40,SARSr-DMS,TiteSeq_huACE2_01_bin3,TiteSeq_huACE2,huACE2,3,1,211026,1457258,/shared/ngs/illumina/tstarr/211116_D00300_1369_AHNH57BCX3/Unaligned/Project_tstarr/211026_s10-b3_S3_R1_001.fastq.gz
lib40,SARSr-DMS,TiteSeq_huACE2_01_bin4,TiteSeq_huACE2,huACE2,4,1,211026,4687079,/shared/ngs/illumina/tstarr/211116_D00300_1369_AHNH57BCX3/Unaligned/Project_tstarr/211026_s10-b4_S4_R1_001.fastq.gz
lib40,SARSr-DMS,TiteSeq_huACE2_02_bin1,TiteSeq_huACE2,huACE2,1,2,211026,8401377,/shared/ngs/illumina/tstarr/211116_D00300_1369_AHNH57BCX3/Unaligned/Project_tstarr/211026_s11-b1_S5_R1_001.fastq.gz
lib40,SARSr-DMS,TiteSeq_huACE2_02_bin2,TiteSeq_huACE2,huACE2,2,2,211026,838976,/shared/ngs/illumina/tstarr/211116_D00300_1369_AHNH57BCX3/Unaligned/Project_tstarr/211026_s11-b2_S6_R1_001.fastq.gz
lib40,SARSr-DMS,TiteSeq_huACE2_02_bin3,TiteSeq_huACE2,huACE2,3,2,211026,1510404,/shared/ngs/illumina/tstarr/211116_D00300_1369_AHNH57BCX3/Unaligned/Project_tstarr/211026_s11-b3_S7_R1_001.fastq.gz
lib40,SARSr-DMS,TiteSeq_huACE2_02_bin4,TiteSeq_huACE2,huACE2,4,2,211026,4357795,/shared/ngs/illumina/tstarr/211116_D00300_1369_AHNH57BCX3/Unaligned/Project_tstarr/211026_s11-b4_S8_R1_001.fastq.gz
lib40,SARSr-DMS,TiteSeq_huACE2_03_bin1,TiteSeq_huACE2,huACE2,1,3,211026,9168087,/shared/ngs/illumina/tstarr/211116_D00300_1369_AHNH57BCX3/Unaligned/Project_tstarr/211026_s12-b1_S9_R1_001.fastq.gz
lib40,SARSr-DMS,TiteSeq_huACE2_03_bin2,TiteSeq_huACE2,huACE2,2,3,211026,1090354,/shared/ngs/illumina/tstarr/211116_D00300_1369_AHNH57BCX3/Unaligned/Project_tstarr/211026_s12-b2_S10_R1_001.fastq.gz
lib40,SARSr-DMS,TiteSeq_huACE2_03_bin3,TiteSeq_huACE2,huACE2,3,3,211026,1049463,/shared/ngs/illumina/tstarr/211116_D00300_1369_AHNH57BCX3/Unaligned/Project_tstarr/211026_s12-b3_S11_R1_001.fastq.gz
lib40,SARSr-DMS,TiteSeq_huACE2_03_bin4,TiteSeq_huACE2,huACE2,4,3,211026,3849370,/shared/ngs/illumina/tstarr/211116_D00300_1369_AHNH57BCX3/Unaligned/Project_tstarr/211026_s12-b4_S12_R1_001.fastq.gz
lib40,SARSr-DMS,TiteSeq_huACE2_04_bin1,TiteSeq_huACE2,huACE2,1,4,211026,11042525,/shared/ngs/illumina/tstarr/211116_D00300_1369_AHNH57BCX3/Unaligned/Project_tstarr/211026_s13-b1_S13_R1_001.fastq.gz
lib40,SARSr-DMS,TiteSeq_huACE2_04_bin2,TiteSeq_huACE2,huACE2,2,4,211026,789551,/shared/ngs/illumina/tstarr/211116_D00300_1369_AHNH57BCX3/Unaligned/Project_tstarr/211026_s13-b2_S14_R1_001.fastq.gz
lib40,SARSr-DMS,TiteSeq_huACE2_04_bin3,TiteSeq_huACE2,huACE2,3,4,211026,1365756,/shared/ngs/illumina/tstarr/211116_D00300_1369_AHNH57BCX3/Unaligned/Project_tstarr/211026_s13-b3_S15_R1_001.fastq.gz
lib40,SARSr-DMS,TiteSeq_huACE2_04_bin4,TiteSeq_huACE2,huACE2,4,4,211026,1959028,/shared/ngs/illumina/tstarr/211116_D00300_1369_AHNH57BCX3/Unaligned/Project_tstarr/211026_s13-b4_S16_R1_001.fastq.gz
lib40,SARSr-DMS,TiteSeq_huACE2_05_bin1,TiteSeq_huACE2,huACE2,1,5,211026,11757833,/shared/ngs/illumina/tstarr/211116_D00300_1369_AHNH57BCX3/Unaligned/Project_tstarr/211026_s14-b1_S17_R1_001.fastq.gz
lib40,SARSr-DMS,TiteSeq_huACE2_05_bin2,TiteSeq_huACE2,huACE2,2,5,211026,1828390,/shared/ngs/illumina/tstarr/211116_D00300_1369_AHNH57BCX3/Unaligned/Project_tstarr/211026_s14-b2_S18_R1_001.fastq.gz
lib40,SARSr-DMS,TiteSeq_huACE2_05_bin3,TiteSeq_huACE2,huACE2,3,5,211026,1774542,/shared/ngs/illumina/tstarr/211116_D00300_1369_AHNH57BCX3/Unaligned/Project_tstarr/211026_s14-b3_S19_R1_001.fastq.gz
lib40,SARSr-DMS,TiteSeq_huACE2_05_bin4,TiteSeq_huACE2,huACE2,4,5,211026,82876,/shared/ngs/illumina/tstarr/211116_D00300_1369_AHNH57BCX3/Unaligned/Project_tstarr/211026_s14-b4_S20_R1_001.fastq.gz
lib40,SARSr-DMS,TiteSeq_huACE2_06_bin1,TiteSeq_huACE2,huACE2,1,6,211026,14012260,/shared/ngs/illumina/tstarr/211116_D00300_1369_AHNH57BCX3/Unaligned/Project_tstarr/211026_s15-b1_S21_R1_001.fastq.gz
lib40,SARSr-DMS,TiteSeq_huACE2_06_bin2,TiteSeq_huACE2,huACE2,2,6,211026,1020346,/shared/ngs/illumina/tstarr/211116_D00300_1369_AHNH57BCX3/Unaligned/Project_tstarr/211026_s15-b2_S22_R1_001.fastq.gz
lib40,SARSr-DMS,TiteSeq_huACE2_06_bin3,TiteSeq_huACE2,huACE2,3,6,211026,2181,/shared/ngs/illumina/tstarr/211116_D00300_1369_AHNH57BCX3/Unaligned/Project_tstarr/211026_s15-b3_S23_R1_001.fastq.gz
lib40,SARSr-DMS,TiteSeq_huACE2_06_bin4,TiteSeq_huACE2,huACE2,4,6,211026,223,/shared/ngs/illumina/tstarr/211116_D00300_1369_AHNH57BCX3/Unaligned/Project_tstarr/211026_s15-b4_S24_R1_001.fastq.gz
lib40,SARSr-DMS,TiteSeq_huACE2_07_bin1,TiteSeq_huACE2,huACE2,1,7,211026,14731191,/shared/ngs/illumina/tstarr/211116_D00300_1369_AHNH57BCX3/Unaligned/Project_tstarr/211026_s16-b1_S25_R1_001.fastq.gz
lib40,SARSr-DMS,TiteSeq_huACE2_07_bin2,TiteSeq_huACE2,huACE2,2,7,211026,325205,/shared/ngs/illumina/tstarr/211116_D00300_1369_AHNH57BCX3/Unaligned/Project_tstarr/211026_s16-b2_S26_R1_001.fastq.gz
lib40,SARSr-DMS,TiteSeq_huACE2_07_bin3,TiteSeq_huACE2,huACE2,3,7,211026,661,/shared/ngs/illumina/tstarr/211116_D00300_1369_AHNH57BCX3/Unaligned/Project_tstarr/211026_s16-b3_S27_R1_001.fastq.gz
lib40,SARSr-DMS,TiteSeq_huACE2_07_bin4,TiteSeq_huACE2,huACE2,4,7,211026,175,/shared/ngs/illumina/tstarr/211116_D00300_1369_AHNH57BCX3/Unaligned/Project_tstarr/211026_s16-b4_S28_R1_001.fastq.gz
lib40,SARSr-DMS,TiteSeq_huACE2_08_bin1,TiteSeq_huACE2,huACE2,1,8,211026,14954595,/shared/ngs/illumina/tstarr/211116_D00300_1369_AHNH57BCX3/Unaligned/Project_tstarr/211026_s17-b1_S29_R1_001.fastq.gz
lib40,SARSr-DMS,TiteSeq_huACE2_08_bin2,TiteSeq_huACE2,huACE2,2,8,211026,304585,/shared/ngs/illumina/tstarr/211116_D00300_1369_AHNH57BCX3/Unaligned/Project_tstarr/211026_s17-b2_S30_R1_001.fastq.gz
lib40,SARSr-DMS,TiteSeq_huACE2_08_bin3,TiteSeq_huACE2,huACE2,3,8,211026,663,/shared/ngs/illumina/tstarr/211116_D00300_1369_AHNH57BCX3/Unaligned/Project_tstarr/211026_s17-b3_S31_R1_001.fastq.gz
lib40,SARSr-DMS,TiteSeq_huACE2_08_bin4,TiteSeq_huACE2,huACE2,4,8,211026,214,/shared/ngs/illumina/tstarr/211116_D00300_1369_AHNH57BCX3/Unaligned/Project_tstarr/211026_s17-b4_S32_R1_001.fastq.gz
lib40,SARSr-DMS,TiteSeq_huACE2_09_bin1,TiteSeq_huACE2,huACE2,1,9,211026,14936139,/shared/ngs/illumina/tstarr/211116_D00300_1369_AHNH57BCX3/Unaligned/Project_tstarr/211026_s18-b1_S33_R1_001.fastq.gz
lib40,SARSr-DMS,TiteSeq_huACE2_09_bin2,TiteSeq_huACE2,huACE2,2,9,211026,216777,/shared/ngs/illumina/tstarr/211116_D00300_1369_AHNH57BCX3/Unaligned/Project_tstarr/211026_s18-b2_S34_R1_001.fastq.gz
lib40,SARSr-DMS,TiteSeq_huACE2_09_bin3,TiteSeq_huACE2,huACE2,3,9,211026,763,/shared/ngs/illumina/tstarr/211116_D00300_1369_AHNH57BCX3/Unaligned/Project_tstarr/211026_s18-b3_S35_R1_001.fastq.gz
lib40,SARSr-DMS,TiteSeq_huACE2_09_bin4,TiteSeq_huACE2,huACE2,4,9,211026,447,/shared/ngs/illumina/tstarr/211116_D00300_1369_AHNH57BCX3/Unaligned/Project_tstarr/211026_s18-b4_S36_R1_001.fastq.gz
lib40,SARSr-DMS,TiteSeq_RshACE2_01_bin1,TiteSeq_RshACE2,RshACE2,1,1,220328,7152873,/shared/ngs/illumina/tstarr/220418_VH00319_193_AAAY237M5/Unaligned/Project_tstarr/220328_s01-b1_S1_R1_001.fastq.gz
lib40,SARSr-DMS,TiteSeq_RshACE2_01_bin2,TiteSeq_RshACE2,RshACE2,2,1,220328,4506794,/shared/ngs/illumina/tstarr/220418_VH00319_193_AAAY237M5/Unaligned/Project_tstarr/220328_s01-b2_S2_R1_001.fastq.gz
lib40,SARSr-DMS,TiteSeq_RshACE2_01_bin3,TiteSeq_RshACE2,RshACE2,3,1,220328,414258,/shared/ngs/illumina/tstarr/220418_VH00319_193_AAAY237M5/Unaligned/Project_tstarr/220328_s01-b3_S3_R1_001.fastq.gz
lib40,SARSr-DMS,TiteSeq_RshACE2_01_bin4,TiteSeq_RshACE2,RshACE2,4,1,220328,536959,/shared/ngs/illumina/tstarr/220418_VH00319_193_AAAY237M5/Unaligned/Project_tstarr/220328_s01-b4_S4_R1_001.fastq.gz
lib40,SARSr-DMS,TiteSeq_RshACE2_02_bin1,TiteSeq_RshACE2,RshACE2,1,2,220328,8702995,/shared/ngs/illumina/tstarr/220418_VH00319_193_AAAY237M5/Unaligned/Project_tstarr/220328_s02-b1_S5_R1_001.fastq.gz
lib40,SARSr-DMS,TiteSeq_RshACE2_02_bin2,TiteSeq_RshACE2,RshACE2,2,2,220328,2783329,/shared/ngs/illumina/tstarr/220418_VH00319_193_AAAY237M5/Unaligned/Project_tstarr/220328_s02-b2_S6_R1_001.fastq.gz
lib40,SARSr-DMS,TiteSeq_RshACE2_02_bin3,TiteSeq_RshACE2,RshACE2,3,2,220328,364312,/shared/ngs/illumina/tstarr/220418_VH00319_193_AAAY237M5/Unaligned/Project_tstarr/220328_s02-b3_S7_R1_001.fastq.gz
lib40,SARSr-DMS,TiteSeq_RshACE2_02_bin4,TiteSeq_RshACE2,RshACE2,4,2,220328,780273,/shared/ngs/illumina/tstarr/220418_VH00319_193_AAAY237M5/Unaligned/Project_tstarr/220328_s02-b4_S8_R1_001.fastq.gz
lib40,SARSr-DMS,TiteSeq_RshACE2_03_bin1,TiteSeq_RshACE2,RshACE2,1,3,220328,10553046,/shared/ngs/illumina/tstarr/220418_VH00319_193_AAAY237M5/Unaligned/Project_tstarr/220328_s03-b1_S9_R1_001.fastq.gz; /shared/ngs/illumina/tstarr/220428_VH00699_111_AAATNWKM5/Unaligned/Project_tstarr/220328_s03-b1_S67_R1_001.fastq.gz
lib40,SARSr-DMS,TiteSeq_RshACE2_03_bin2,TiteSeq_RshACE2,RshACE2,2,3,220328,1482082,/shared/ngs/illumina/tstarr/220418_VH00319_193_AAAY237M5/Unaligned/Project_tstarr/220328_s03-b2_S10_R1_001.fastq.gz
lib40,SARSr-DMS,TiteSeq_RshACE2_03_bin3,TiteSeq_RshACE2,RshACE2,3,3,220328,515992,/shared/ngs/illumina/tstarr/220418_VH00319_193_AAAY237M5/Unaligned/Project_tstarr/220328_s03-b3_S11_R1_001.fastq.gz
lib40,SARSr-DMS,TiteSeq_RshACE2_03_bin4,TiteSeq_RshACE2,RshACE2,4,3,220328,67262,/shared/ngs/illumina/tstarr/220418_VH00319_193_AAAY237M5/Unaligned/Project_tstarr/220328_s03-b4_S12_R1_001.fastq.gz
lib40,SARSr-DMS,TiteSeq_RshACE2_04_bin1,TiteSeq_RshACE2,RshACE2,1,4,220328,11496904,/shared/ngs/illumina/tstarr/220418_VH00319_193_AAAY237M5/Unaligned/Project_tstarr/220328_s04-b1_S13_R1_001.fastq.gz; /shared/ngs/illumina/tstarr/220428_VH00699_111_AAATNWKM5/Unaligned/Project_tstarr/220328_s04-b1_S68_R1_001.fastq.gz
lib40,SARSr-DMS,TiteSeq_RshACE2_04_bin2,TiteSeq_RshACE2,RshACE2,2,4,220328,1102758,/shared/ngs/illumina/tstarr/220418_VH00319_193_AAAY237M5/Unaligned/Project_tstarr/220328_s04-b2_S14_R1_001.fastq.gz
lib40,SARSr-DMS,TiteSeq_RshACE2_04_bin3,TiteSeq_RshACE2,RshACE2,3,4,220328,12645,/shared/ngs/illumina/tstarr/220418_VH00319_193_AAAY237M5/Unaligned/Project_tstarr/220328_s04-b3_S15_R1_001.fastq.gz
lib40,SARSr-DMS,TiteSeq_RshACE2_04_bin4,TiteSeq_RshACE2,RshACE2,4,4,220328,2038,/shared/ngs/illumina/tstarr/220418_VH00319_193_AAAY237M5/Unaligned/Project_tstarr/220328_s04-b4_S16_R1_001.fastq.gz
lib40,SARSr-DMS,TiteSeq_RshACE2_05_bin1,TiteSeq_RshACE2,RshACE2,1,5,220328,11945050,/shared/ngs/illumina/tstarr/220418_VH00319_193_AAAY237M5/Unaligned/Project_tstarr/220328_s05-b1_S17_R1_001.fastq.gz
lib40,SARSr-DMS,TiteSeq_RshACE2_05_bin2,TiteSeq_RshACE2,RshACE2,2,5,220328,675470,/shared/ngs/illumina/tstarr/220418_VH00319_193_AAAY237M5/Unaligned/Project_tstarr/220328_s05-b2_S18_R1_001.fastq.gz
lib40,SARSr-DMS,TiteSeq_RshACE2_05_bin3,TiteSeq_RshACE2,RshACE2,3,5,220328,1784,/shared/ngs/illumina/tstarr/220418_VH00319_193_AAAY237M5/Unaligned/Project_tstarr/220328_s05-b3_S19_R1_001.fastq.gz
lib40,SARSr-DMS,TiteSeq_RshACE2_05_bin4,TiteSeq_RshACE2,RshACE2,4,5,220328,139,/shared/ngs/illumina/tstarr/220418_VH00319_193_AAAY237M5/Unaligned/Project_tstarr/220328_s05-b4_S20_R1_001.fastq.gz
lib40,SARSr-DMS,TiteSeq_RshACE2_06_bin1,TiteSeq_RshACE2,RshACE2,1,6,220328,12116844,/shared/ngs/illumina/tstarr/220418_VH00319_193_AAAY237M5/Unaligned/Project_tstarr/220328_s06-b1_S21_R1_001.fastq.gz
lib40,SARSr-DMS,TiteSeq_RshACE2_06_bin2,TiteSeq_RshACE2,RshACE2,2,6,220328,614864,/shared/ngs/illumina/tstarr/220418_VH00319_193_AAAY237M5/Unaligned/Project_tstarr/220328_s06-b2_S22_R1_001.fastq.gz
lib40,SARSr-DMS,TiteSeq_RshACE2_06_bin3,TiteSeq_RshACE2,RshACE2,3,6,220328,410,/shared/ngs/illumina/tstarr/220418_VH00319_193_AAAY237M5/Unaligned/Project_tstarr/220328_s06-b3_S23_R1_001.fastq.gz
lib40,SARSr-DMS,TiteSeq_RshACE2_06_bin4,TiteSeq_RshACE2,RshACE2,4,6,220328,36,/shared/ngs/illumina/tstarr/220418_VH00319_193_AAAY237M5/Unaligned/Project_tstarr/220328_s06-b4_S24_R1_001.fastq.gz
lib40,SARSr-DMS,TiteSeq_RshACE2_07_bin1,TiteSeq_RshACE2,RshACE2,1,7,220328,12142460,/shared/ngs/illumina/tstarr/220418_VH00319_193_AAAY237M5/Unaligned/Project_tstarr/220328_s07-b1_S25_R1_001.fastq.gz
lib40,SARSr-DMS,TiteSeq_RshACE2_07_bin2,TiteSeq_RshACE2,RshACE2,2,7,220328,597359,/shared/ngs/illumina/tstarr/220418_VH00319_193_AAAY237M5/Unaligned/Project_tstarr/220328_s07-b2_S26_R1_001.fastq.gz
lib40,SARSr-DMS,TiteSeq_RshACE2_07_bin3,TiteSeq_RshACE2,RshACE2,3,7,220328,548,/shared/ngs/illumina/tstarr/220418_VH00319_193_AAAY237M5/Unaligned/Project_tstarr/220328_s07-b3_S27_R1_001.fastq.gz
lib40,SARSr-DMS,TiteSeq_RshACE2_07_bin4,TiteSeq_RshACE2,RshACE2,4,7,220328,47,/shared/ngs/illumina/tstarr/220418_VH00319_193_AAAY237M5/Unaligned/Project_tstarr/220328_s07-b4_S28_R1_001.fastq.gz
lib40,SARSr-DMS,TiteSeq_RshACE2_08_bin1,TiteSeq_RshACE2,RshACE2,1,8,220328,12374333,/shared/ngs/illumina/tstarr/220418_VH00319_193_AAAY237M5/Unaligned/Project_tstarr/220328_s08-b1_S29_R1_001.fastq.gz
lib40,SARSr-DMS,TiteSeq_RshACE2_08_bin2,TiteSeq_RshACE2,RshACE2,2,8,220328,620648,/shared/ngs/illumina/tstarr/220418_VH00319_193_AAAY237M5/Unaligned/Project_tstarr/220328_s08-b2_S30_R1_001.fastq.gz
lib40,SARSr-DMS,TiteSeq_RshACE2_08_bin3,TiteSeq_RshACE2,RshACE2,3,8,220328,483,/shared/ngs/illumina/tstarr/220418_VH00319_193_AAAY237M5/Unaligned/Project_tstarr/220328_s08-b3_S31_R1_001.fastq.gz
lib40,SARSr-DMS,TiteSeq_RshACE2_08_bin4,TiteSeq_RshACE2,RshACE2,4,8,220328,44,/shared/ngs/illumina/tstarr/220418_VH00319_193_AAAY237M5/Unaligned/Project_tstarr/220328_s08-b4_S32_R1_001.fastq.gz
lib40,SARSr-DMS,TiteSeq_RshACE2_09_bin1,TiteSeq_RshACE2,RshACE2,1,9,220328,11937509,/shared/ngs/illumina/tstarr/220418_VH00319_193_AAAY237M5/Unaligned/Project_tstarr/220328_s09-b1_S33_R1_001.fastq.gz
lib40,SARSr-DMS,TiteSeq_RshACE2_09_bin2,TiteSeq_RshACE2,RshACE2,2,9,220328,618746,/shared/ngs/illumina/tstarr/220418_VH00319_193_AAAY237M5/Unaligned/Project_tstarr/220328_s09-b2_S34_R1_001.fastq.gz
lib40,SARSr-DMS,TiteSeq_RshACE2_09_bin3,TiteSeq_RshACE2,RshACE2,3,9,220328,328,/shared/ngs/illumina/tstarr/220418_VH00319_193_AAAY237M5/Unaligned/Project_tstarr/220328_s09-b3_S35_R1_001.fastq.gz
lib40,SARSr-DMS,TiteSeq_RshACE2_09_bin4,TiteSeq_RshACE2,RshACE2,4,9,220328,49,/shared/ngs/illumina/tstarr/220418_VH00319_193_AAAY237M5/Unaligned/Project_tstarr/220328_s09-b4_S36_R1_001.fastq.gz
lib46,pan-sarbeco,TiteSeq_RshACE2_01_bin1,TiteSeq_RshACE2,RshACE2,1,1,220328,3598358,/shared/ngs/illumina/tstarr/220418_VH00319_193_AAAY237M5/Unaligned/Project_tstarr/220328_s10-b1_S37_R1_001.fastq.gz
lib46,pan-sarbeco,TiteSeq_RshACE2_01_bin2,TiteSeq_RshACE2,RshACE2,2,1,220328,1520769,/shared/ngs/illumina/tstarr/220418_VH00319_193_AAAY237M5/Unaligned/Project_tstarr/220328_s10-b2_S38_R1_001.fastq.gz
lib46,pan-sarbeco,TiteSeq_RshACE2_01_bin3,TiteSeq_RshACE2,RshACE2,3,1,220328,133098,/shared/ngs/illumina/tstarr/220418_VH00319_193_AAAY237M5/Unaligned/Project_tstarr/220328_s10-b3_S39_R1_001.fastq.gz
lib46,pan-sarbeco,TiteSeq_RshACE2_01_bin4,TiteSeq_RshACE2,RshACE2,4,1,220328,10064,/shared/ngs/illumina/tstarr/220418_VH00319_193_AAAY237M5/Unaligned/Project_tstarr/220328_s10-b4_S40_R1_001.fastq.gz
lib46,pan-sarbeco,TiteSeq_RshACE2_02_bin1,TiteSeq_RshACE2,RshACE2,1,2,220328,4281042,/shared/ngs/illumina/tstarr/220418_VH00319_193_AAAY237M5/Unaligned/Project_tstarr/220328_s11-b1_S41_R1_001.fastq.gz
lib46,pan-sarbeco,TiteSeq_RshACE2_02_bin2,TiteSeq_RshACE2,RshACE2,2,2,220328,894144,/shared/ngs/illumina/tstarr/220418_VH00319_193_AAAY237M5/Unaligned/Project_tstarr/220328_s11-b2_S42_R1_001.fastq.gz
lib46,pan-sarbeco,TiteSeq_RshACE2_02_bin3,TiteSeq_RshACE2,RshACE2,3,2,220328,162524,/shared/ngs/illumina/tstarr/220418_VH00319_193_AAAY237M5/Unaligned/Project_tstarr/220328_s11-b3_S43_R1_001.fastq.gz
lib46,pan-sarbeco,TiteSeq_RshACE2_02_bin4,TiteSeq_RshACE2,RshACE2,4,2,220328,13665,/shared/ngs/illumina/tstarr/220418_VH00319_193_AAAY237M5/Unaligned/Project_tstarr/220328_s11-b4_S44_R1_001.fastq.gz
lib46,pan-sarbeco,TiteSeq_RshACE2_03_bin1,TiteSeq_RshACE2,RshACE2,1,3,220328,4428351,/shared/ngs/illumina/tstarr/220418_VH00319_193_AAAY237M5/Unaligned/Project_tstarr/220328_s12-b1_S45_R1_001.fastq.gz
lib46,pan-sarbeco,TiteSeq_RshACE2_03_bin2,TiteSeq_RshACE2,RshACE2,2,3,220328,635362,/shared/ngs/illumina/tstarr/220418_VH00319_193_AAAY237M5/Unaligned/Project_tstarr/220328_s12-b2_S46_R1_001.fastq.gz
lib46,pan-sarbeco,TiteSeq_RshACE2_03_bin3,TiteSeq_RshACE2,RshACE2,3,3,220328,19343,/shared/ngs/illumina/tstarr/220418_VH00319_193_AAAY237M5/Unaligned/Project_tstarr/220328_s12-b3_S47_R1_001.fastq.gz
lib46,pan-sarbeco,TiteSeq_RshACE2_03_bin4,TiteSeq_RshACE2,RshACE2,4,3,220328,1328,/shared/ngs/illumina/tstarr/220418_VH00319_193_AAAY237M5/Unaligned/Project_tstarr/220328_s12-b4_S48_R1_001.fastq.gz
lib46,pan-sarbeco,TiteSeq_RshACE2_04_bin1,TiteSeq_RshACE2,RshACE2,1,4,220328,5228179,/shared/ngs/illumina/tstarr/220418_VH00319_193_AAAY237M5/Unaligned/Project_tstarr/220328_s13-b1_S49_R1_001.fastq.gz
lib46,pan-sarbeco,TiteSeq_RshACE2_04_bin2,TiteSeq_RshACE2,RshACE2,2,4,220328,410197,/shared/ngs/illumina/tstarr/220418_VH00319_193_AAAY237M5/Unaligned/Project_tstarr/220328_s13-b2_S50_R1_001.fastq.gz
lib46,pan-sarbeco,TiteSeq_RshACE2_04_bin3,TiteSeq_RshACE2,RshACE2,3,4,220328,2651,/shared/ngs/illumina/tstarr/220418_VH00319_193_AAAY237M5/Unaligned/Project_tstarr/220328_s13-b3_S51_R1_001.fastq.gz
lib46,pan-sarbeco,TiteSeq_RshACE2_04_bin4,TiteSeq_RshACE2,RshACE2,4,4,220328,1803,/shared/ngs/illumina/tstarr/220418_VH00319_193_AAAY237M5/Unaligned/Project_tstarr/220328_s13-b4_S52_R1_001.fastq.gz
lib46,pan-sarbeco,TiteSeq_RshACE2_05_bin1,TiteSeq_RshACE2,RshACE2,1,5,220328,5186778,/shared/ngs/illumina/tstarr/220418_VH00319_193_AAAY237M5/Unaligned/Project_tstarr/220328_s14-b1_S53_R1_001.fastq.gz
lib46,pan-sarbeco,TiteSeq_RshACE2_05_bin2,TiteSeq_RshACE2,RshACE2,2,5,220328,363691,/shared/ngs/illumina/tstarr/220418_VH00319_193_AAAY237M5/Unaligned/Project_tstarr/220328_s14-b2_S54_R1_001.fastq.gz
lib46,pan-sarbeco,TiteSeq_RshACE2_05_bin3,TiteSeq_RshACE2,RshACE2,3,5,220328,660,/shared/ngs/illumina/tstarr/220418_VH00319_193_AAAY237M5/Unaligned/Project_tstarr/220328_s14-b3_S55_R1_001.fastq.gz
lib46,pan-sarbeco,TiteSeq_RshACE2_05_bin4,TiteSeq_RshACE2,RshACE2,4,5,220328,91,/shared/ngs/illumina/tstarr/220418_VH00319_193_AAAY237M5/Unaligned/Project_tstarr/220328_s14-b4_S56_R1_001.fastq.gz
lib46,pan-sarbeco,TiteSeq_RshACE2_06_bin1,TiteSeq_RshACE2,RshACE2,1,6,220328,4857155,/shared/ngs/illumina/tstarr/220418_VH00319_193_AAAY237M5/Unaligned/Project_tstarr/220328_s15-b1_S57_R1_001.fastq.gz
lib46,pan-sarbeco,TiteSeq_RshACE2_06_bin2,TiteSeq_RshACE2,RshACE2,2,6,220328,339198,/shared/ngs/illumina/tstarr/220418_VH00319_193_AAAY237M5/Unaligned/Project_tstarr/220328_s15-b2_S58_R1_001.fastq.gz
lib46,pan-sarbeco,TiteSeq_RshACE2_06_bin3,TiteSeq_RshACE2,RshACE2,3,6,220328,529,/shared/ngs/illumina/tstarr/220418_VH00319_193_AAAY237M5/Unaligned/Project_tstarr/220328_s15-b3_S59_R1_001.fastq.gz
lib46,pan-sarbeco,TiteSeq_RshACE2_06_bin4,TiteSeq_RshACE2,RshACE2,4,6,220328,91,/shared/ngs/illumina/tstarr/220418_VH00319_193_AAAY237M5/Unaligned/Project_tstarr/220328_s15-b4_S60_R1_001.fastq.gz
lib46,pan-sarbeco,TiteSeq_RshACE2_07_bin1,TiteSeq_RshACE2,RshACE2,1,7,220328,4780810,/shared/ngs/illumina/tstarr/220418_VH00319_193_AAAY237M5/Unaligned/Project_tstarr/220328_s16-b1_S61_R1_001.fastq.gz
lib46,pan-sarbeco,TiteSeq_RshACE2_07_bin2,TiteSeq_RshACE2,RshACE2,2,7,220328,305455,/shared/ngs/illumina/tstarr/220418_VH00319_193_AAAY237M5/Unaligned/Project_tstarr/220328_s16-b2_S62_R1_001.fastq.gz
lib46,pan-sarbeco,TiteSeq_RshACE2_07_bin3,TiteSeq_RshACE2,RshACE2,3,7,220328,530,/shared/ngs/illumina/tstarr/220418_VH00319_193_AAAY237M5/Unaligned/Project_tstarr/220328_s16-b3_S63_R1_001.fastq.gz
lib46,pan-sarbeco,TiteSeq_RshACE2_07_bin4,TiteSeq_RshACE2,RshACE2,4,7,220328,65,/shared/ngs/illumina/tstarr/220418_VH00319_193_AAAY237M5/Unaligned/Project_tstarr/220328_s16-b4_S64_R1_001.fastq.gz
lib46,pan-sarbeco,TiteSeq_RshACE2_08_bin1,TiteSeq_RshACE2,RshACE2,1,8,220328,4938210,/shared/ngs/illumina/tstarr/220418_VH00319_193_AAAY237M5/Unaligned/Project_tstarr/220328_s17-b1_S65_R1_001.fastq.gz
lib46,pan-sarbeco,TiteSeq_RshACE2_08_bin2,TiteSeq_RshACE2,RshACE2,2,8,220328,310958,/shared/ngs/illumina/tstarr/220418_VH00319_193_AAAY237M5/Unaligned/Project_tstarr/220328_s17-b2_S66_R1_001.fastq.gz
lib46,pan-sarbeco,TiteSeq_RshACE2_08_bin3,TiteSeq_RshACE2,RshACE2,3,8,220328,532,/shared/ngs/illumina/tstarr/220418_VH00319_193_AAAY237M5/Unaligned/Project_tstarr/220328_s17-b3_S67_R1_001.fastq.gz
lib46,pan-sarbeco,TiteSeq_RshACE2_08_bin4,TiteSeq_RshACE2,RshACE2,4,8,220328,42,/shared/ngs/illumina/tstarr/220418_VH00319_193_AAAY237M5/Unaligned/Project_tstarr/220328_s17-b4_S68_R1_001.fastq.gz
lib46,pan-sarbeco,TiteSeq_RshACE2_09_bin1,TiteSeq_RshACE2,RshACE2,1,9,220328,5197550,/shared/ngs/illumina/tstarr/220418_VH00319_193_AAAY237M5/Unaligned/Project_tstarr/220328_s18-b1_S69_R1_001.fastq.gz
lib46,pan-sarbeco,TiteSeq_RshACE2_09_bin2,TiteSeq_RshACE2,RshACE2,2,9,220328,346313,/shared/ngs/illumina/tstarr/220418_VH00319_193_AAAY237M5/Unaligned/Project_tstarr/220328_s18-b2_S70_R1_001.fastq.gz
lib46,pan-sarbeco,TiteSeq_RshACE2_09_bin3,TiteSeq_RshACE2,RshACE2,3,9,220328,314,/shared/ngs/illumina/tstarr/220418_VH00319_193_AAAY237M5/Unaligned/Project_tstarr/220328_s18-b3_S71_R1_001.fastq.gz
lib46,pan-sarbeco,TiteSeq_RshACE2_09_bin4,TiteSeq_RshACE2,RshACE2,4,9,220328,64,/shared/ngs/illumina/tstarr/220418_VH00319_193_AAAY237M5/Unaligned/Project_tstarr/220328_s18-b4_S72_R1_001.fastq.gz
lib40,SARSr-DMS,TiteSeq_Ra787ACE2_01_bin1,TiteSeq_Ra787ACE2,Ra787ACE2,1,1,220321,3524821,/shared/ngs/illumina/tstarr/220421_VH00699_106_AAANVVYM5/Unaligned/Project_tstarr/220321_s01-b1_S1_R1_001.fastq.gz
lib40,SARSr-DMS,TiteSeq_Ra787ACE2_01_bin2,TiteSeq_Ra787ACE2,Ra787ACE2,2,1,220321,4197225,/shared/ngs/illumina/tstarr/220421_VH00699_106_AAANVVYM5/Unaligned/Project_tstarr/220321_s01-b2_S2_R1_001.fastq.gz
lib40,SARSr-DMS,TiteSeq_Ra787ACE2_01_bin3,TiteSeq_Ra787ACE2,Ra787ACE2,3,1,220321,2553410,/shared/ngs/illumina/tstarr/220421_VH00699_106_AAANVVYM5/Unaligned/Project_tstarr/220321_s01-b3_S3_R1_001.fastq.gz
lib40,SARSr-DMS,TiteSeq_Ra787ACE2_01_bin4,TiteSeq_Ra787ACE2,Ra787ACE2,4,1,220321,2423565,/shared/ngs/illumina/tstarr/220421_VH00699_106_AAANVVYM5/Unaligned/Project_tstarr/220321_s01-b4_S4_R1_001.fastq.gz
lib40,SARSr-DMS,TiteSeq_Ra787ACE2_02_bin1,TiteSeq_Ra787ACE2,Ra787ACE2,1,2,220321,6682771,/shared/ngs/illumina/tstarr/220421_VH00699_106_AAANVVYM5/Unaligned/Project_tstarr/220321_s02-b1_S5_R1_001.fastq.gz
lib40,SARSr-DMS,TiteSeq_Ra787ACE2_02_bin2,TiteSeq_Ra787ACE2,Ra787ACE2,2,2,220321,2297918,/shared/ngs/illumina/tstarr/220421_VH00699_106_AAANVVYM5/Unaligned/Project_tstarr/220321_s02-b2_S6_R1_001.fastq.gz
lib40,SARSr-DMS,TiteSeq_Ra787ACE2_02_bin3,TiteSeq_Ra787ACE2,Ra787ACE2,3,2,220321,1994265,/shared/ngs/illumina/tstarr/220421_VH00699_106_AAANVVYM5/Unaligned/Project_tstarr/220321_s02-b3_S7_R1_001.fastq.gz
lib40,SARSr-DMS,TiteSeq_Ra787ACE2_02_bin4,TiteSeq_Ra787ACE2,Ra787ACE2,4,2,220321,1564566,/shared/ngs/illumina/tstarr/220421_VH00699_106_AAANVVYM5/Unaligned/Project_tstarr/220321_s02-b4_S8_R1_001.fastq.gz
lib40,SARSr-DMS,TiteSeq_Ra787ACE2_03_bin1,TiteSeq_Ra787ACE2,Ra787ACE2,1,3,220321,7122015,/shared/ngs/illumina/tstarr/220421_VH00699_106_AAANVVYM5/Unaligned/Project_tstarr/220321_s03-b1_S9_R1_001.fastq.gz
lib40,SARSr-DMS,TiteSeq_Ra787ACE2_03_bin2,TiteSeq_Ra787ACE2,Ra787ACE2,2,3,220321,2444432,/shared/ngs/illumina/tstarr/220421_VH00699_106_AAANVVYM5/Unaligned/Project_tstarr/220321_s03-b2_S10_R1_001.fastq.gz
lib40,SARSr-DMS,TiteSeq_Ra787ACE2_03_bin3,TiteSeq_Ra787ACE2,Ra787ACE2,3,3,220321,1615251,/shared/ngs/illumina/tstarr/220421_VH00699_106_AAANVVYM5/Unaligned/Project_tstarr/220321_s03-b3_S11_R1_001.fastq.gz
lib40,SARSr-DMS,TiteSeq_Ra787ACE2_03_bin4,TiteSeq_Ra787ACE2,Ra787ACE2,4,3,220321,1470837,/shared/ngs/illumina/tstarr/220421_VH00699_106_AAANVVYM5/Unaligned/Project_tstarr/220321_s03-b4_S12_R1_001.fastq.gz
lib40,SARSr-DMS,TiteSeq_Ra787ACE2_04_bin1,TiteSeq_Ra787ACE2,Ra787ACE2,1,4,220321,7234560,/shared/ngs/illumina/tstarr/220421_VH00699_106_AAANVVYM5/Unaligned/Project_tstarr/220321_s04-b1_S13_R1_001.fastq.gz
lib40,SARSr-DMS,TiteSeq_Ra787ACE2_04_bin2,TiteSeq_Ra787ACE2,Ra787ACE2,2,4,220321,2660079,/shared/ngs/illumina/tstarr/220421_VH00699_106_AAANVVYM5/Unaligned/Project_tstarr/220321_s04-b2_S14_R1_001.fastq.gz
lib40,SARSr-DMS,TiteSeq_Ra787ACE2_04_bin3,TiteSeq_Ra787ACE2,Ra787ACE2,3,4,220321,1375162,/shared/ngs/illumina/tstarr/220421_VH00699_106_AAANVVYM5/Unaligned/Project_tstarr/220321_s04-b3_S15_R1_001.fastq.gz
lib40,SARSr-DMS,TiteSeq_Ra787ACE2_04_bin4,TiteSeq_Ra787ACE2,Ra787ACE2,4,4,220321,1431578,/shared/ngs/illumina/tstarr/220421_VH00699_106_AAANVVYM5/Unaligned/Project_tstarr/220321_s04-b4_S16_R1_001.fastq.gz
lib40,SARSr-DMS,TiteSeq_Ra787ACE2_05_bin1,TiteSeq_Ra787ACE2,Ra787ACE2,1,5,220321,8886524,/shared/ngs/illumina/tstarr/220421_VH00699_106_AAANVVYM5/Unaligned/Project_tstarr/220321_s05-b1_S17_R1_001.fastq.gz
lib40,SARSr-DMS,TiteSeq_Ra787ACE2_05_bin2,TiteSeq_Ra787ACE2,Ra787ACE2,2,5,220321,1831716,/shared/ngs/illumina/tstarr/220421_VH00699_106_AAANVVYM5/Unaligned/Project_tstarr/220321_s05-b2_S18_R1_001.fastq.gz
lib40,SARSr-DMS,TiteSeq_Ra787ACE2_05_bin3,TiteSeq_Ra787ACE2,Ra787ACE2,3,5,220321,1993233,/shared/ngs/illumina/tstarr/220421_VH00699_106_AAANVVYM5/Unaligned/Project_tstarr/220321_s05-b3_S19_R1_001.fastq.gz
lib40,SARSr-DMS,TiteSeq_Ra787ACE2_05_bin4,TiteSeq_Ra787ACE2,Ra787ACE2,4,5,220321,45875,/shared/ngs/illumina/tstarr/220421_VH00699_106_AAANVVYM5/Unaligned/Project_tstarr/220321_s05-b4_S20_R1_001.fastq.gz
lib40,SARSr-DMS,TiteSeq_Ra787ACE2_06_bin1,TiteSeq_Ra787ACE2,Ra787ACE2,1,6,220321,9926455,/shared/ngs/illumina/tstarr/220421_VH00699_106_AAANVVYM5/Unaligned/Project_tstarr/220321_s06-b1_S21_R1_001.fastq.gz
lib40,SARSr-DMS,TiteSeq_Ra787ACE2_06_bin2,TiteSeq_Ra787ACE2,Ra787ACE2,2,6,220321,2537317,/shared/ngs/illumina/tstarr/220421_VH00699_106_AAANVVYM5/Unaligned/Project_tstarr/220321_s06-b2_S22_R1_001.fastq.gz
lib40,SARSr-DMS,TiteSeq_Ra787ACE2_06_bin3,TiteSeq_Ra787ACE2,Ra787ACE2,3,6,220321,103287,/shared/ngs/illumina/tstarr/220421_VH00699_106_AAANVVYM5/Unaligned/Project_tstarr/220321_s06-b3_S23_R1_001.fastq.gz
lib40,SARSr-DMS,TiteSeq_Ra787ACE2_06_bin4,TiteSeq_Ra787ACE2,Ra787ACE2,4,6,220321,514,/shared/ngs/illumina/tstarr/220421_VH00699_106_AAANVVYM5/Unaligned/Project_tstarr/220321_s06-b4_S24_R1_001.fastq.gz
lib40,SARSr-DMS,TiteSeq_Ra787ACE2_07_bin1,TiteSeq_Ra787ACE2,Ra787ACE2,1,7,220321,11973515,/shared/ngs/illumina/tstarr/220421_VH00699_106_AAANVVYM5/Unaligned/Project_tstarr/220321_s07-b1_S25_R1_001.fastq.gz
lib40,SARSr-DMS,TiteSeq_Ra787ACE2_07_bin2,TiteSeq_Ra787ACE2,Ra787ACE2,2,7,220321,773874,/shared/ngs/illumina/tstarr/220421_VH00699_106_AAANVVYM5/Unaligned/Project_tstarr/220321_s07-b2_S26_R1_001.fastq.gz
lib40,SARSr-DMS,TiteSeq_Ra787ACE2_07_bin3,TiteSeq_Ra787ACE2,Ra787ACE2,3,7,220321,1439,/shared/ngs/illumina/tstarr/220421_VH00699_106_AAANVVYM5/Unaligned/Project_tstarr/220321_s07-b3_S27_R1_001.fastq.gz
lib40,SARSr-DMS,TiteSeq_Ra787ACE2_07_bin4,TiteSeq_Ra787ACE2,Ra787ACE2,4,7,220321,2,/shared/ngs/illumina/tstarr/220421_VH00699_106_AAANVVYM5/Unaligned/Project_tstarr/220321_s07-b4_S28_R1_001.fastq.gz
lib40,SARSr-DMS,TiteSeq_Ra787ACE2_08_bin1,TiteSeq_Ra787ACE2,Ra787ACE2,1,8,220321,12192585,/shared/ngs/illumina/tstarr/220421_VH00699_106_AAANVVYM5/Unaligned/Project_tstarr/220321_s08-b1_S29_R1_001.fastq.gz
lib40,SARSr-DMS,TiteSeq_Ra787ACE2_08_bin2,TiteSeq_Ra787ACE2,Ra787ACE2,2,8,220321,373734,/shared/ngs/illumina/tstarr/220421_VH00699_106_AAANVVYM5/Unaligned/Project_tstarr/220321_s08-b2_S30_R1_001.fastq.gz
lib40,SARSr-DMS,TiteSeq_Ra787ACE2_08_bin3,TiteSeq_Ra787ACE2,Ra787ACE2,3,8,220321,71,/shared/ngs/illumina/tstarr/220421_VH00699_106_AAANVVYM5/Unaligned/Project_tstarr/220321_s08-b3_S31_R1_001.fastq.gz
lib40,SARSr-DMS,TiteSeq_Ra787ACE2_08_bin4,TiteSeq_Ra787ACE2,Ra787ACE2,4,8,220321,7,/shared/ngs/illumina/tstarr/220421_VH00699_106_AAANVVYM5/Unaligned/Project_tstarr/220321_s08-b4_S32_R1_001.fastq.gz
lib40,SARSr-DMS,TiteSeq_Ra787ACE2_09_bin1,TiteSeq_Ra787ACE2,Ra787ACE2,1,9,220321,12402687,/shared/ngs/illumina/tstarr/220421_VH00699_106_AAANVVYM5/Unaligned/Project_tstarr/220321_s09-b1_S33_R1_001.fastq.gz
lib40,SARSr-DMS,TiteSeq_Ra787ACE2_09_bin2,TiteSeq_Ra787ACE2,Ra787ACE2,2,9,220321,409712,/shared/ngs/illumina/tstarr/220421_VH00699_106_AAANVVYM5/Unaligned/Project_tstarr/220321_s09-b2_S34_R1_001.fastq.gz
lib40,SARSr-DMS,TiteSeq_Ra787ACE2_09_bin3,TiteSeq_Ra787ACE2,Ra787ACE2,3,9,220321,128,/shared/ngs/illumina/tstarr/220421_VH00699_106_AAANVVYM5/Unaligned/Project_tstarr/220321_s09-b3_S35_R1_001.fastq.gz
lib40,SARSr-DMS,TiteSeq_Ra787ACE2_09_bin4,TiteSeq_Ra787ACE2,Ra787ACE2,4,9,220321,37,/shared/ngs/illumina/tstarr/220421_VH00699_106_AAANVVYM5/Unaligned/Project_tstarr/220321_s09-b4_S36_R1_001.fastq.gz
lib40,SARSr-DMS,TiteSeq_Ra9479ACE2_01_bin1,TiteSeq_Ra9479ACE2,Ra9479ACE2,1,1,220321,4089001,/shared/ngs/illumina/tstarr/220421_VH00699_106_AAANVVYM5/Unaligned/Project_tstarr/220321_s10-b1_S37_R1_001.fastq.gz
lib40,SARSr-DMS,TiteSeq_Ra9479ACE2_01_bin2,TiteSeq_Ra9479ACE2,Ra9479ACE2,2,1,220321,3703824,/shared/ngs/illumina/tstarr/220421_VH00699_106_AAANVVYM5/Unaligned/Project_tstarr/220321_s10-b2_S38_R1_001.fastq.gz
lib40,SARSr-DMS,TiteSeq_Ra9479ACE2_01_bin3,TiteSeq_Ra9479ACE2,Ra9479ACE2,3,1,220321,1666046,/shared/ngs/illumina/tstarr/220421_VH00699_106_AAANVVYM5/Unaligned/Project_tstarr/220321_s10-b3_S39_R1_001.fastq.gz
lib40,SARSr-DMS,TiteSeq_Ra9479ACE2_01_bin4,TiteSeq_Ra9479ACE2,Ra9479ACE2,4,1,220321,3200860,/shared/ngs/illumina/tstarr/220421_VH00699_106_AAANVVYM5/Unaligned/Project_tstarr/220321_s10-b4_S40_R1_001.fastq.gz
lib40,SARSr-DMS,TiteSeq_Ra9479ACE2_02_bin1,TiteSeq_Ra9479ACE2,Ra9479ACE2,1,2,220321,5543515,/shared/ngs/illumina/tstarr/220421_VH00699_106_AAANVVYM5/Unaligned/Project_tstarr/220321_s11-b1_S41_R1_001.fastq.gz
lib40,SARSr-DMS,TiteSeq_Ra9479ACE2_02_bin2,TiteSeq_Ra9479ACE2,Ra9479ACE2,2,2,220321,2408150,/shared/ngs/illumina/tstarr/220421_VH00699_106_AAANVVYM5/Unaligned/Project_tstarr/220321_s11-b2_S42_R1_001.fastq.gz
lib40,SARSr-DMS,TiteSeq_Ra9479ACE2_02_bin3,TiteSeq_Ra9479ACE2,Ra9479ACE2,3,2,220321,2016054,/shared/ngs/illumina/tstarr/220421_VH00699_106_AAANVVYM5/Unaligned/Project_tstarr/220321_s11-b3_S43_R1_001.fastq.gz
lib40,SARSr-DMS,TiteSeq_Ra9479ACE2_02_bin4,TiteSeq_Ra9479ACE2,Ra9479ACE2,4,2,220321,2656520,/shared/ngs/illumina/tstarr/220421_VH00699_106_AAANVVYM5/Unaligned/Project_tstarr/220321_s11-b4_S44_R1_001.fastq.gz
lib40,SARSr-DMS,TiteSeq_Ra9479ACE2_03_bin1,TiteSeq_Ra9479ACE2,Ra9479ACE2,1,3,220321,5385254,/shared/ngs/illumina/tstarr/220421_VH00699_106_AAANVVYM5/Unaligned/Project_tstarr/220321_s12-b1_S45_R1_001.fastq.gz
lib40,SARSr-DMS,TiteSeq_Ra9479ACE2_03_bin2,TiteSeq_Ra9479ACE2,Ra9479ACE2,2,3,220321,2493224,/shared/ngs/illumina/tstarr/220421_VH00699_106_AAANVVYM5/Unaligned/Project_tstarr/220321_s12-b2_S46_R1_001.fastq.gz
lib40,SARSr-DMS,TiteSeq_Ra9479ACE2_03_bin3,TiteSeq_Ra9479ACE2,Ra9479ACE2,3,3,220321,2115066,/shared/ngs/illumina/tstarr/220421_VH00699_106_AAANVVYM5/Unaligned/Project_tstarr/220321_s12-b3_S47_R1_001.fastq.gz
lib40,SARSr-DMS,TiteSeq_Ra9479ACE2_03_bin4,TiteSeq_Ra9479ACE2,Ra9479ACE2,4,3,220321,2802586,/shared/ngs/illumina/tstarr/220421_VH00699_106_AAANVVYM5/Unaligned/Project_tstarr/220321_s12-b4_S48_R1_001.fastq.gz
lib40,SARSr-DMS,TiteSeq_Ra9479ACE2_04_bin1,TiteSeq_Ra9479ACE2,Ra9479ACE2,1,4,220321,5616843,/shared/ngs/illumina/tstarr/220421_VH00699_106_AAANVVYM5/Unaligned/Project_tstarr/220321_s13-b1_S49_R1_001.fastq.gz
lib40,SARSr-DMS,TiteSeq_Ra9479ACE2_04_bin2,TiteSeq_Ra9479ACE2,Ra9479ACE2,2,4,220321,2589615,/shared/ngs/illumina/tstarr/220421_VH00699_106_AAANVVYM5/Unaligned/Project_tstarr/220321_s13-b2_S50_R1_001.fastq.gz
lib40,SARSr-DMS,TiteSeq_Ra9479ACE2_04_bin3,TiteSeq_Ra9479ACE2,Ra9479ACE2,3,4,220321,3197486,/shared/ngs/illumina/tstarr/220421_VH00699_106_AAANVVYM5/Unaligned/Project_tstarr/220321_s13-b3_S51_R1_001.fastq.gz
lib40,SARSr-DMS,TiteSeq_Ra9479ACE2_04_bin4,TiteSeq_Ra9479ACE2,Ra9479ACE2,4,4,220321,1338166,/shared/ngs/illumina/tstarr/220421_VH00699_106_AAANVVYM5/Unaligned/Project_tstarr/220321_s13-b4_S52_R1_001.fastq.gz
lib40,SARSr-DMS,TiteSeq_Ra9479ACE2_05_bin1,TiteSeq_Ra9479ACE2,Ra9479ACE2,1,5,220321,6896545,/shared/ngs/illumina/tstarr/220421_VH00699_106_AAANVVYM5/Unaligned/Project_tstarr/220321_s14-b1_S53_R1_001.fastq.gz
lib40,SARSr-DMS,TiteSeq_Ra9479ACE2_05_bin2,TiteSeq_Ra9479ACE2,Ra9479ACE2,2,5,220321,3876104,/shared/ngs/illumina/tstarr/220421_VH00699_106_AAANVVYM5/Unaligned/Project_tstarr/220321_s14-b2_S54_R1_001.fastq.gz
lib40,SARSr-DMS,TiteSeq_Ra9479ACE2_05_bin3,TiteSeq_Ra9479ACE2,Ra9479ACE2,3,5,220321,1811381,/shared/ngs/illumina/tstarr/220421_VH00699_106_AAANVVYM5/Unaligned/Project_tstarr/220321_s14-b3_S55_R1_001.fastq.gz
lib40,SARSr-DMS,TiteSeq_Ra9479ACE2_05_bin4,TiteSeq_Ra9479ACE2,Ra9479ACE2,4,5,220321,16657,/shared/ngs/illumina/tstarr/220421_VH00699_106_AAANVVYM5/Unaligned/Project_tstarr/220321_s14-b4_S56_R1_001.fastq.gz
lib40,SARSr-DMS,TiteSeq_Ra9479ACE2_06_bin1,TiteSeq_Ra9479ACE2,Ra9479ACE2,1,6,220321,9828299,/shared/ngs/illumina/tstarr/220421_VH00699_106_AAANVVYM5/Unaligned/Project_tstarr/220321_s15-b1_S57_R1_001.fastq.gz
lib40,SARSr-DMS,TiteSeq_Ra9479ACE2_06_bin2,TiteSeq_Ra9479ACE2,Ra9479ACE2,2,6,220321,2786193,/shared/ngs/illumina/tstarr/220421_VH00699_106_AAANVVYM5/Unaligned/Project_tstarr/220321_s15-b2_S58_R1_001.fastq.gz
lib40,SARSr-DMS,TiteSeq_Ra9479ACE2_06_bin3,TiteSeq_Ra9479ACE2,Ra9479ACE2,3,6,220321,31288,/shared/ngs/illumina/tstarr/220421_VH00699_106_AAANVVYM5/Unaligned/Project_tstarr/220321_s15-b3_S59_R1_001.fastq.gz
lib40,SARSr-DMS,TiteSeq_Ra9479ACE2_06_bin4,TiteSeq_Ra9479ACE2,Ra9479ACE2,4,6,220321,7,/shared/ngs/illumina/tstarr/220421_VH00699_106_AAANVVYM5/Unaligned/Project_tstarr/220321_s15-b4_S60_R1_001.fastq.gz
lib40,SARSr-DMS,TiteSeq_Ra9479ACE2_07_bin1,TiteSeq_Ra9479ACE2,Ra9479ACE2,1,7,220321,11942997,/shared/ngs/illumina/tstarr/220421_VH00699_106_AAANVVYM5/Unaligned/Project_tstarr/220321_s16-b1_S61_R1_001.fastq.gz
lib40,SARSr-DMS,TiteSeq_Ra9479ACE2_07_bin2,TiteSeq_Ra9479ACE2,Ra9479ACE2,2,7,220321,638346,/shared/ngs/illumina/tstarr/220421_VH00699_106_AAANVVYM5/Unaligned/Project_tstarr/220321_s16-b2_S62_R1_001.fastq.gz
lib40,SARSr-DMS,TiteSeq_Ra9479ACE2_07_bin3,TiteSeq_Ra9479ACE2,Ra9479ACE2,3,7,220321,80,/shared/ngs/illumina/tstarr/220421_VH00699_106_AAANVVYM5/Unaligned/Project_tstarr/220321_s16-b3_S63_R1_001.fastq.gz
lib40,SARSr-DMS,TiteSeq_Ra9479ACE2_07_bin4,TiteSeq_Ra9479ACE2,Ra9479ACE2,4,7,220321,18,/shared/ngs/illumina/tstarr/220421_VH00699_106_AAANVVYM5/Unaligned/Project_tstarr/220321_s16-b4_S64_R1_001.fastq.gz
lib40,SARSr-DMS,TiteSeq_Ra9479ACE2_08_bin1,TiteSeq_Ra9479ACE2,Ra9479ACE2,1,8,220321,12208827,/shared/ngs/illumina/tstarr/220421_VH00699_106_AAANVVYM5/Unaligned/Project_tstarr/220321_s17-b1_S65_R1_001.fastq.gz
lib40,SARSr-DMS,TiteSeq_Ra9479ACE2_08_bin2,TiteSeq_Ra9479ACE2,Ra9479ACE2,2,8,220321,367520,/shared/ngs/illumina/tstarr/220421_VH00699_106_AAANVVYM5/Unaligned/Project_tstarr/220321_s17-b2_S66_R1_001.fastq.gz
lib40,SARSr-DMS,TiteSeq_Ra9479ACE2_08_bin3,TiteSeq_Ra9479ACE2,Ra9479ACE2,3,8,220321,56,/shared/ngs/illumina/tstarr/220421_VH00699_106_AAANVVYM5/Unaligned/Project_tstarr/220321_s17-b3_S67_R1_001.fastq.gz
lib40,SARSr-DMS,TiteSeq_Ra9479ACE2_08_bin4,TiteSeq_Ra9479ACE2,Ra9479ACE2,4,8,220321,23,/shared/ngs/illumina/tstarr/220421_VH00699_106_AAANVVYM5/Unaligned/Project_tstarr/220321_s17-b4_S68_R1_001.fastq.gz
lib40,SARSr-DMS,TiteSeq_RlanACE2_01_bin1,TiteSeq_RlanACE2,RlanACE2,1,1,220425,3642401,/shared/ngs/illumina/tstarr/220505_VH00699_116_AAAYYW3M5/Unaligned/Project_tstarr/220425_s01-b1_S1_R1_001.fastq.gz
lib40,SARSr-DMS,TiteSeq_RlanACE2_01_bin2,TiteSeq_RlanACE2,RlanACE2,2,1,220425,6714092,/shared/ngs/illumina/tstarr/220505_VH00699_116_AAAYYW3M5/Unaligned/Project_tstarr/220425_s01-b2_S2_R1_001.fastq.gz
lib40,SARSr-DMS,TiteSeq_RlanACE2_01_bin3,TiteSeq_RlanACE2,RlanACE2,3,1,220425,1281694,/shared/ngs/illumina/tstarr/220505_VH00699_116_AAAYYW3M5/Unaligned/Project_tstarr/220425_s01-b3_S3_R1_001.fastq.gz
lib40,SARSr-DMS,TiteSeq_RlanACE2_01_bin4,TiteSeq_RlanACE2,RlanACE2,4,1,220425,1047458,/shared/ngs/illumina/tstarr/220505_VH00699_116_AAAYYW3M5/Unaligned/Project_tstarr/220425_s01-b4_S4_R1_001.fastq.gz
lib40,SARSr-DMS,TiteSeq_RlanACE2_02_bin1,TiteSeq_RlanACE2,RlanACE2,1,2,220425,8518095,/shared/ngs/illumina/tstarr/220505_VH00699_116_AAAYYW3M5/Unaligned/Project_tstarr/220425_s02-b1_S5_R1_001.fastq.gz
lib40,SARSr-DMS,TiteSeq_RlanACE2_02_bin2,TiteSeq_RlanACE2,RlanACE2,2,2,220425,3245106,/shared/ngs/illumina/tstarr/220505_VH00699_116_AAAYYW3M5/Unaligned/Project_tstarr/220425_s02-b2_S6_R1_001.fastq.gz
lib40,SARSr-DMS,TiteSeq_RlanACE2_02_bin3,TiteSeq_RlanACE2,RlanACE2,3,2,220425,765889,/shared/ngs/illumina/tstarr/220505_VH00699_116_AAAYYW3M5/Unaligned/Project_tstarr/220425_s02-b3_S7_R1_001.fastq.gz
lib40,SARSr-DMS,TiteSeq_RlanACE2_02_bin4,TiteSeq_RlanACE2,RlanACE2,4,2,220425,373330,/shared/ngs/illumina/tstarr/220505_VH00699_116_AAAYYW3M5/Unaligned/Project_tstarr/220425_s02-b4_S8_R1_001.fastq.gz
lib40,SARSr-DMS,TiteSeq_RlanACE2_03_bin1,TiteSeq_RlanACE2,RlanACE2,1,3,220425,10680091,/shared/ngs/illumina/tstarr/220505_VH00699_116_AAAYYW3M5/Unaligned/Project_tstarr/220425_s03-b1_S9_R1_001.fastq.gz
lib40,SARSr-DMS,TiteSeq_RlanACE2_03_bin2,TiteSeq_RlanACE2,RlanACE2,2,3,220425,1722924,/shared/ngs/illumina/tstarr/220505_VH00699_116_AAAYYW3M5/Unaligned/Project_tstarr/220425_s03-b2_S10_R1_001.fastq.gz
lib40,SARSr-DMS,TiteSeq_RlanACE2_03_bin3,TiteSeq_RlanACE2,RlanACE2,3,3,220425,363637,/shared/ngs/illumina/tstarr/220505_VH00699_116_AAAYYW3M5/Unaligned/Project_tstarr/220425_s03-b3_S11_R1_001.fastq.gz
lib40,SARSr-DMS,TiteSeq_RlanACE2_03_bin4,TiteSeq_RlanACE2,RlanACE2,4,3,220425,20753,/shared/ngs/illumina/tstarr/220505_VH00699_116_AAAYYW3M5/Unaligned/Project_tstarr/220425_s03-b4_S12_R1_001.fastq.gz
lib40,SARSr-DMS,TiteSeq_RlanACE2_04_bin1,TiteSeq_RlanACE2,RlanACE2,1,4,220425,11715847,/shared/ngs/illumina/tstarr/220505_VH00699_116_AAAYYW3M5/Unaligned/Project_tstarr/220425_s04-b1_S13_R1_001.fastq.gz
lib40,SARSr-DMS,TiteSeq_RlanACE2_04_bin2,TiteSeq_RlanACE2,RlanACE2,2,4,220425,680855,/shared/ngs/illumina/tstarr/220505_VH00699_116_AAAYYW3M5/Unaligned/Project_tstarr/220425_s04-b2_S14_R1_001.fastq.gz
lib40,SARSr-DMS,TiteSeq_RlanACE2_04_bin3,TiteSeq_RlanACE2,RlanACE2,3,4,220425,14140,/shared/ngs/illumina/tstarr/220505_VH00699_116_AAAYYW3M5/Unaligned/Project_tstarr/220425_s04-b3_S15_R1_001.fastq.gz
lib40,SARSr-DMS,TiteSeq_RlanACE2_04_bin4,TiteSeq_RlanACE2,RlanACE2,4,4,220425,7014,/shared/ngs/illumina/tstarr/220505_VH00699_116_AAAYYW3M5/Unaligned/Project_tstarr/220425_s04-b4_S16_R1_001.fastq.gz
lib40,SARSr-DMS,TiteSeq_RlanACE2_05_bin1,TiteSeq_RlanACE2,RlanACE2,1,5,220425,11929986,/shared/ngs/illumina/tstarr/220505_VH00699_116_AAAYYW3M5/Unaligned/Project_tstarr/220425_s05-b1_S17_R1_001.fastq.gz
lib40,SARSr-DMS,TiteSeq_RlanACE2_05_bin2,TiteSeq_RlanACE2,RlanACE2,2,5,220425,277219,/shared/ngs/illumina/tstarr/220505_VH00699_116_AAAYYW3M5/Unaligned/Project_tstarr/220425_s05-b2_S18_R1_001.fastq.gz
lib40,SARSr-DMS,TiteSeq_RlanACE2_05_bin3,TiteSeq_RlanACE2,RlanACE2,3,5,220425,4838,/shared/ngs/illumina/tstarr/220505_VH00699_116_AAAYYW3M5/Unaligned/Project_tstarr/220425_s05-b3_S19_R1_001.fastq.gz
lib40,SARSr-DMS,TiteSeq_RlanACE2_05_bin4,TiteSeq_RlanACE2,RlanACE2,4,5,220425,2122,/shared/ngs/illumina/tstarr/220505_VH00699_116_AAAYYW3M5/Unaligned/Project_tstarr/220425_s05-b4_S20_R1_001.fastq.gz
lib40,SARSr-DMS,TiteSeq_RlanACE2_06_bin1,TiteSeq_RlanACE2,RlanACE2,1,6,220425,11486296,/shared/ngs/illumina/tstarr/220505_VH00699_116_AAAYYW3M5/Unaligned/Project_tstarr/220425_s06-b1_S21_R1_001.fastq.gz
lib40,SARSr-DMS,TiteSeq_RlanACE2_06_bin2,TiteSeq_RlanACE2,RlanACE2,2,6,220425,222476,/shared/ngs/illumina/tstarr/220505_VH00699_116_AAAYYW3M5/Unaligned/Project_tstarr/220425_s06-b2_S22_R1_001.fastq.gz
lib40,SARSr-DMS,TiteSeq_RlanACE2_06_bin3,TiteSeq_RlanACE2,RlanACE2,3,6,220425,1187,/shared/ngs/illumina/tstarr/220505_VH00699_116_AAAYYW3M5/Unaligned/Project_tstarr/220425_s06-b3_S23_R1_001.fastq.gz
lib40,SARSr-DMS,TiteSeq_RlanACE2_06_bin4,TiteSeq_RlanACE2,RlanACE2,4,6,220425,93,/shared/ngs/illumina/tstarr/220505_VH00699_116_AAAYYW3M5/Unaligned/Project_tstarr/220425_s06-b4_S24_R1_001.fastq.gz
lib40,SARSr-DMS,TiteSeq_RlanACE2_07_bin1,TiteSeq_RlanACE2,RlanACE2,1,7,220425,11825112,/shared/ngs/illumina/tstarr/220505_VH00699_116_AAAYYW3M5/Unaligned/Project_tstarr/220425_s07-b1_S25_R1_001.fastq.gz
lib40,SARSr-DMS,TiteSeq_RlanACE2_07_bin2,TiteSeq_RlanACE2,RlanACE2,2,7,220425,235560,/shared/ngs/illumina/tstarr/220505_VH00699_116_AAAYYW3M5/Unaligned/Project_tstarr/220425_s07-b2_S26_R1_001.fastq.gz
lib40,SARSr-DMS,TiteSeq_RlanACE2_07_bin3,TiteSeq_RlanACE2,RlanACE2,3,7,220425,493,/shared/ngs/illumina/tstarr/220505_VH00699_116_AAAYYW3M5/Unaligned/Project_tstarr/220425_s07-b3_S27_R1_001.fastq.gz
lib40,SARSr-DMS,TiteSeq_RlanACE2_07_bin4,TiteSeq_RlanACE2,RlanACE2,4,7,220425,11,/shared/ngs/illumina/tstarr/220505_VH00699_116_AAAYYW3M5/Unaligned/Project_tstarr/220425_s07-b4_S28_R1_001.fastq.gz
lib40,SARSr-DMS,TiteSeq_RlanACE2_08_bin1,TiteSeq_RlanACE2,RlanACE2,1,8,220425,11184288,/shared/ngs/illumina/tstarr/220505_VH00699_116_AAAYYW3M5/Unaligned/Project_tstarr/220425_s08-b1_S29_R1_001.fastq.gz
lib40,SARSr-DMS,TiteSeq_RlanACE2_08_bin2,TiteSeq_RlanACE2,RlanACE2,2,8,220425,211472,/shared/ngs/illumina/tstarr/220505_VH00699_116_AAAYYW3M5/Unaligned/Project_tstarr/220425_s08-b2_S30_R1_001.fastq.gz
lib40,SARSr-DMS,TiteSeq_RlanACE2_08_bin3,TiteSeq_RlanACE2,RlanACE2,3,8,220425,211,/shared/ngs/illumina/tstarr/220505_VH00699_116_AAAYYW3M5/Unaligned/Project_tstarr/220425_s08-b3_S31_R1_001.fastq.gz
lib40,SARSr-DMS,TiteSeq_RlanACE2_08_bin4,TiteSeq_RlanACE2,RlanACE2,4,8,220425,11,/shared/ngs/illumina/tstarr/220505_VH00699_116_AAAYYW3M5/Unaligned/Project_tstarr/220425_s08-b4_S32_R1_001.fastq.gz
lib40,SARSr-DMS,TiteSeq_RlanACE2_09_bin1,TiteSeq_RlanACE2,RlanACE2,1,9,220425,11202617,/shared/ngs/illumina/tstarr/220505_VH00699_116_AAAYYW3M5/Unaligned/Project_tstarr/220425_s09-b1_S33_R1_001.fastq.gz
lib40,SARSr-DMS,TiteSeq_RlanACE2_09_bin2,TiteSeq_RlanACE2,RlanACE2,2,9,220425,368218,/shared/ngs/illumina/tstarr/220505_VH00699_116_AAAYYW3M5/Unaligned/Project_tstarr/220425_s09-b2_S34_R1_001.fastq.gz
lib40,SARSr-DMS,TiteSeq_RlanACE2_09_bin3,TiteSeq_RlanACE2,RlanACE2,3,9,220425,195,/shared/ngs/illumina/tstarr/220505_VH00699_116_AAAYYW3M5/Unaligned/Project_tstarr/220425_s09-b3_S35_R1_001.fastq.gz
lib40,SARSr-DMS,TiteSeq_RlanACE2_09_bin4,TiteSeq_RlanACE2,RlanACE2,4,9,220425,7,/shared/ngs/illumina/tstarr/220505_VH00699_116_AAAYYW3M5/Unaligned/Project_tstarr/220425_s09-b4_S36_R1_001.fastq.gz
lib46,pan-sarbeco,TiteSeq_RlanACE2_01_bin1,TiteSeq_RlanACE2,RlanACE2,1,1,220425,2965838,/shared/ngs/illumina/tstarr/220505_VH00699_116_AAAYYW3M5/Unaligned/Project_tstarr/220425_s10-b1_S37_R1_001.fastq.gz
lib46,pan-sarbeco,TiteSeq_RlanACE2_01_bin2,TiteSeq_RlanACE2,RlanACE2,2,1,220425,1344501,/shared/ngs/illumina/tstarr/220505_VH00699_116_AAAYYW3M5/Unaligned/Project_tstarr/220425_s10-b2_S38_R1_001.fastq.gz
lib46,pan-sarbeco,TiteSeq_RlanACE2_01_bin3,TiteSeq_RlanACE2,RlanACE2,3,1,220425,531196,/shared/ngs/illumina/tstarr/220505_VH00699_116_AAAYYW3M5/Unaligned/Project_tstarr/220425_s10-b3_S39_R1_001.fastq.gz
lib46,pan-sarbeco,TiteSeq_RlanACE2_01_bin4,TiteSeq_RlanACE2,RlanACE2,4,1,220425,1562629,/shared/ngs/illumina/tstarr/220505_VH00699_116_AAAYYW3M5/Unaligned/Project_tstarr/220425_s10-b4_S40_R1_001.fastq.gz
lib46,pan-sarbeco,TiteSeq_RlanACE2_02_bin1,TiteSeq_RlanACE2,RlanACE2,1,2,220425,3258135,/shared/ngs/illumina/tstarr/220505_VH00699_116_AAAYYW3M5/Unaligned/Project_tstarr/220425_s11-b1_S41_R1_001.fastq.gz
lib46,pan-sarbeco,TiteSeq_RlanACE2_02_bin2,TiteSeq_RlanACE2,RlanACE2,2,2,220425,1116268,/shared/ngs/illumina/tstarr/220505_VH00699_116_AAAYYW3M5/Unaligned/Project_tstarr/220425_s11-b2_S42_R1_001.fastq.gz
lib46,pan-sarbeco,TiteSeq_RlanACE2_02_bin3,TiteSeq_RlanACE2,RlanACE2,3,2,220425,539097,/shared/ngs/illumina/tstarr/220505_VH00699_116_AAAYYW3M5/Unaligned/Project_tstarr/220425_s11-b3_S43_R1_001.fastq.gz
lib46,pan-sarbeco,TiteSeq_RlanACE2_02_bin4,TiteSeq_RlanACE2,RlanACE2,4,2,220425,1024121,/shared/ngs/illumina/tstarr/220505_VH00699_116_AAAYYW3M5/Unaligned/Project_tstarr/220425_s11-b4_S44_R1_001.fastq.gz
lib46,pan-sarbeco,TiteSeq_RlanACE2_03_bin1,TiteSeq_RlanACE2,RlanACE2,1,3,220425,4008015,/shared/ngs/illumina/tstarr/220505_VH00699_116_AAAYYW3M5/Unaligned/Project_tstarr/220425_s12-b1_S45_R1_001.fastq.gz
lib46,pan-sarbeco,TiteSeq_RlanACE2_03_bin2,TiteSeq_RlanACE2,RlanACE2,2,3,220425,934633,/shared/ngs/illumina/tstarr/220505_VH00699_116_AAAYYW3M5/Unaligned/Project_tstarr/220425_s12-b2_S46_R1_001.fastq.gz
lib46,pan-sarbeco,TiteSeq_RlanACE2_03_bin3,TiteSeq_RlanACE2,RlanACE2,3,3,220425,435581,/shared/ngs/illumina/tstarr/220505_VH00699_116_AAAYYW3M5/Unaligned/Project_tstarr/220425_s12-b3_S47_R1_001.fastq.gz
lib46,pan-sarbeco,TiteSeq_RlanACE2_03_bin4,TiteSeq_RlanACE2,RlanACE2,4,3,220425,598363,/shared/ngs/illumina/tstarr/220505_VH00699_116_AAAYYW3M5/Unaligned/Project_tstarr/220425_s12-b4_S48_R1_001.fastq.gz
lib46,pan-sarbeco,TiteSeq_RlanACE2_04_bin1,TiteSeq_RlanACE2,RlanACE2,1,4,220425,4529152,/shared/ngs/illumina/tstarr/220505_VH00699_116_AAAYYW3M5/Unaligned/Project_tstarr/220425_s13-b1_S49_R1_001.fastq.gz
lib46,pan-sarbeco,TiteSeq_RlanACE2_04_bin2,TiteSeq_RlanACE2,RlanACE2,2,4,220425,636638,/shared/ngs/illumina/tstarr/220505_VH00699_116_AAAYYW3M5/Unaligned/Project_tstarr/220425_s13-b2_S50_R1_001.fastq.gz
lib46,pan-sarbeco,TiteSeq_RlanACE2_04_bin3,TiteSeq_RlanACE2,RlanACE2,3,4,220425,265662,/shared/ngs/illumina/tstarr/220505_VH00699_116_AAAYYW3M5/Unaligned/Project_tstarr/220425_s13-b3_S51_R1_001.fastq.gz
lib46,pan-sarbeco,TiteSeq_RlanACE2_04_bin4,TiteSeq_RlanACE2,RlanACE2,4,4,220425,284945,/shared/ngs/illumina/tstarr/220505_VH00699_116_AAAYYW3M5/Unaligned/Project_tstarr/220425_s13-b4_S52_R1_001.fastq.gz
lib46,pan-sarbeco,TiteSeq_RlanACE2_05_bin1,TiteSeq_RlanACE2,RlanACE2,1,5,220425,5488955,/shared/ngs/illumina/tstarr/220505_VH00699_116_AAAYYW3M5/Unaligned/Project_tstarr/220425_s14-b1_S53_R1_001.fastq.gz
lib46,pan-sarbeco,TiteSeq_RlanACE2_05_bin2,TiteSeq_RlanACE2,RlanACE2,2,5,220425,548332,/shared/ngs/illumina/tstarr/220505_VH00699_116_AAAYYW3M5/Unaligned/Project_tstarr/220425_s14-b2_S54_R1_001.fastq.gz
lib46,pan-sarbeco,TiteSeq_RlanACE2_05_bin3,TiteSeq_RlanACE2,RlanACE2,3,5,220425,234233,/shared/ngs/illumina/tstarr/220505_VH00699_116_AAAYYW3M5/Unaligned/Project_tstarr/220425_s14-b3_S55_R1_001.fastq.gz
lib46,pan-sarbeco,TiteSeq_RlanACE2_05_bin4,TiteSeq_RlanACE2,RlanACE2,4,5,220425,59000,/shared/ngs/illumina/tstarr/220505_VH00699_116_AAAYYW3M5/Unaligned/Project_tstarr/220425_s14-b4_S56_R1_001.fastq.gz
lib46,pan-sarbeco,TiteSeq_RlanACE2_06_bin1,TiteSeq_RlanACE2,RlanACE2,1,6,220425,5327202,/shared/ngs/illumina/tstarr/220505_VH00699_116_AAAYYW3M5/Unaligned/Project_tstarr/220425_s15-b1_S57_R1_001.fastq.gz
lib46,pan-sarbeco,TiteSeq_RlanACE2_06_bin2,TiteSeq_RlanACE2,RlanACE2,2,6,220425,409875,/shared/ngs/illumina/tstarr/220505_VH00699_116_AAAYYW3M5/Unaligned/Project_tstarr/220425_s15-b2_S58_R1_001.fastq.gz
lib46,pan-sarbeco,TiteSeq_RlanACE2_06_bin3,TiteSeq_RlanACE2,RlanACE2,3,6,220425,49443,/shared/ngs/illumina/tstarr/220505_VH00699_116_AAAYYW3M5/Unaligned/Project_tstarr/220425_s15-b3_S59_R1_001.fastq.gz
lib46,pan-sarbeco,TiteSeq_RlanACE2_06_bin4,TiteSeq_RlanACE2,RlanACE2,4,6,220425,282,/shared/ngs/illumina/tstarr/220505_VH00699_116_AAAYYW3M5/Unaligned/Project_tstarr/220425_s15-b4_S60_R1_001.fastq.gz
lib46,pan-sarbeco,TiteSeq_RlanACE2_07_bin1,TiteSeq_RlanACE2,RlanACE2,1,7,220425,5764851,/shared/ngs/illumina/tstarr/220505_VH00699_116_AAAYYW3M5/Unaligned/Project_tstarr/220425_s16-b1_S61_R1_001.fastq.gz
lib46,pan-sarbeco,TiteSeq_RlanACE2_07_bin2,TiteSeq_RlanACE2,RlanACE2,2,7,220425,266013,/shared/ngs/illumina/tstarr/220505_VH00699_116_AAAYYW3M5/Unaligned/Project_tstarr/220425_s16-b2_S62_R1_001.fastq.gz
lib46,pan-sarbeco,TiteSeq_RlanACE2_07_bin3,TiteSeq_RlanACE2,RlanACE2,3,7,220425,612,/shared/ngs/illumina/tstarr/220505_VH00699_116_AAAYYW3M5/Unaligned/Project_tstarr/220425_s16-b3_S63_R1_001.fastq.gz
lib46,pan-sarbeco,TiteSeq_RlanACE2_07_bin4,TiteSeq_RlanACE2,RlanACE2,4,7,220425,12,/shared/ngs/illumina/tstarr/220505_VH00699_116_AAAYYW3M5/Unaligned/Project_tstarr/220425_s16-b4_S64_R1_001.fastq.gz
lib46,pan-sarbeco,TiteSeq_RlanACE2_08_bin1,TiteSeq_RlanACE2,RlanACE2,1,8,220425,6163556,/shared/ngs/illumina/tstarr/220505_VH00699_116_AAAYYW3M5/Unaligned/Project_tstarr/220425_s17-b1_S65_R1_001.fastq.gz
lib46,pan-sarbeco,TiteSeq_RlanACE2_08_bin2,TiteSeq_RlanACE2,RlanACE2,2,8,220425,188539,/shared/ngs/illumina/tstarr/220505_VH00699_116_AAAYYW3M5/Unaligned/Project_tstarr/220425_s17-b2_S66_R1_001.fastq.gz
lib46,pan-sarbeco,TiteSeq_RlanACE2_08_bin3,TiteSeq_RlanACE2,RlanACE2,3,8,220425,203,/shared/ngs/illumina/tstarr/220505_VH00699_116_AAAYYW3M5/Unaligned/Project_tstarr/220425_s17-b3_S67_R1_001.fastq.gz
lib46,pan-sarbeco,TiteSeq_RlanACE2_08_bin4,TiteSeq_RlanACE2,RlanACE2,4,8,220425,5,/shared/ngs/illumina/tstarr/220505_VH00699_116_AAAYYW3M5/Unaligned/Project_tstarr/220425_s17-b4_S68_R1_001.fastq.gz
lib46,pan-sarbeco,TiteSeq_RlanACE2_09_bin1,TiteSeq_RlanACE2,RlanACE2,1,9,220425,6343571,/shared/ngs/illumina/tstarr/220505_VH00699_116_AAAYYW3M5/Unaligned/Project_tstarr/220425_s18-b1_S69_R1_001.fastq.gz
lib46,pan-sarbeco,TiteSeq_RlanACE2_09_bin2,TiteSeq_RlanACE2,RlanACE2,2,9,220425,251620,/shared/ngs/illumina/tstarr/220505_VH00699_116_AAAYYW3M5/Unaligned/Project_tstarr/220425_s18-b2_S70_R1_001.fastq.gz
lib46,pan-sarbeco,TiteSeq_RlanACE2_09_bin3,TiteSeq_RlanACE2,RlanACE2,3,9,220425,199,/shared/ngs/illumina/tstarr/220505_VH00699_116_AAAYYW3M5/Unaligned/Project_tstarr/220425_s18-b3_S71_R1_001.fastq.gz
lib46,pan-sarbeco,TiteSeq_RlanACE2_09_bin4,TiteSeq_RlanACE2,RlanACE2,4,9,220425,9,/shared/ngs/illumina/tstarr/220505_VH00699_116_AAAYYW3M5/Unaligned/Project_tstarr/220425_s18-b4_S72_R1_001.fastq.gz
lib40,SARSr-DMS,TiteSeq_RalcACE2_01_bin1,TiteSeq_RalcACE2,RalcACE2,1,1,220427,4993704,/shared/ngs/illumina/tstarr/220510_VH00699_119_AAAYKMFM5/Unaligned/Project_tstarr/220427_s01-b1_S1_R1_001.fastq.gz
lib40,SARSr-DMS,TiteSeq_RalcACE2_01_bin2,TiteSeq_RalcACE2,RalcACE2,2,1,220427,4408375,/shared/ngs/illumina/tstarr/220510_VH00699_119_AAAYKMFM5/Unaligned/Project_tstarr/220427_s01-b2_S2_R1_001.fastq.gz
lib40,SARSr-DMS,TiteSeq_RalcACE2_01_bin3,TiteSeq_RalcACE2,RalcACE2,3,1,220427,779725,/shared/ngs/illumina/tstarr/220510_VH00699_119_AAAYKMFM5/Unaligned/Project_tstarr/220427_s01-b3_S3_R1_001.fastq.gz
lib40,SARSr-DMS,TiteSeq_RalcACE2_01_bin4,TiteSeq_RalcACE2,RalcACE2,4,1,220427,2760284,/shared/ngs/illumina/tstarr/220510_VH00699_119_AAAYKMFM5/Unaligned/Project_tstarr/220427_s01-b4_S4_R1_001.fastq.gz
lib40,SARSr-DMS,TiteSeq_RalcACE2_02_bin1,TiteSeq_RalcACE2,RalcACE2,1,2,220427,9432209,/shared/ngs/illumina/tstarr/220510_VH00699_119_AAAYKMFM5/Unaligned/Project_tstarr/220427_s02-b1_S5_R1_001.fastq.gz
lib40,SARSr-DMS,TiteSeq_RalcACE2_02_bin2,TiteSeq_RalcACE2,RalcACE2,2,2,220427,1692100,/shared/ngs/illumina/tstarr/220510_VH00699_119_AAAYKMFM5/Unaligned/Project_tstarr/220427_s02-b2_S6_R1_001.fastq.gz
lib40,SARSr-DMS,TiteSeq_RalcACE2_02_bin3,TiteSeq_RalcACE2,RalcACE2,3,2,220427,693064,/shared/ngs/illumina/tstarr/220510_VH00699_119_AAAYKMFM5/Unaligned/Project_tstarr/220427_s02-b3_S7_R1_001.fastq.gz
lib40,SARSr-DMS,TiteSeq_RalcACE2_02_bin4,TiteSeq_RalcACE2,RalcACE2,4,2,220427,2140068,/shared/ngs/illumina/tstarr/220510_VH00699_119_AAAYKMFM5/Unaligned/Project_tstarr/220427_s02-b4_S8_R1_001.fastq.gz
lib40,SARSr-DMS,TiteSeq_RalcACE2_03_bin1,TiteSeq_RalcACE2,RalcACE2,1,3,220427,10238732,/shared/ngs/illumina/tstarr/220510_VH00699_119_AAAYKMFM5/Unaligned/Project_tstarr/220427_s03-b1_S9_R1_001.fastq.gz
lib40,SARSr-DMS,TiteSeq_RalcACE2_03_bin2,TiteSeq_RalcACE2,RalcACE2,2,3,220427,848632,/shared/ngs/illumina/tstarr/220510_VH00699_119_AAAYKMFM5/Unaligned/Project_tstarr/220427_s03-b2_S10_R1_001.fastq.gz
lib40,SARSr-DMS,TiteSeq_RalcACE2_03_bin3,TiteSeq_RalcACE2,RalcACE2,3,3,220427,663859,/shared/ngs/illumina/tstarr/220510_VH00699_119_AAAYKMFM5/Unaligned/Project_tstarr/220427_s03-b3_S11_R1_001.fastq.gz
lib40,SARSr-DMS,TiteSeq_RalcACE2_03_bin4,TiteSeq_RalcACE2,RalcACE2,4,3,220427,2392498,/shared/ngs/illumina/tstarr/220510_VH00699_119_AAAYKMFM5/Unaligned/Project_tstarr/220427_s03-b4_S12_R1_001.fastq.gz
lib40,SARSr-DMS,TiteSeq_RalcACE2_04_bin1,TiteSeq_RalcACE2,RalcACE2,1,4,220427,9853978,/shared/ngs/illumina/tstarr/220510_VH00699_119_AAAYKMFM5/Unaligned/Project_tstarr/220427_s04-b1_S13_R1_001.fastq.gz
lib40,SARSr-DMS,TiteSeq_RalcACE2_04_bin2,TiteSeq_RalcACE2,RalcACE2,2,4,220427,866051,/shared/ngs/illumina/tstarr/220510_VH00699_119_AAAYKMFM5/Unaligned/Project_tstarr/220427_s04-b2_S14_R1_001.fastq.gz
lib40,SARSr-DMS,TiteSeq_RalcACE2_04_bin3,TiteSeq_RalcACE2,RalcACE2,3,4,220427,908521,/shared/ngs/illumina/tstarr/220510_VH00699_119_AAAYKMFM5/Unaligned/Project_tstarr/220427_s04-b3_S15_R1_001.fastq.gz
lib40,SARSr-DMS,TiteSeq_RalcACE2_04_bin4,TiteSeq_RalcACE2,RalcACE2,4,4,220427,1475255,/shared/ngs/illumina/tstarr/220510_VH00699_119_AAAYKMFM5/Unaligned/Project_tstarr/220427_s04-b4_S16_R1_001.fastq.gz
lib40,SARSr-DMS,TiteSeq_RalcACE2_05_bin1,TiteSeq_RalcACE2,RalcACE2,1,5,220427,10297142,/shared/ngs/illumina/tstarr/220510_VH00699_119_AAAYKMFM5/Unaligned/Project_tstarr/220427_s05-b1_S17_R1_001.fastq.gz
lib40,SARSr-DMS,TiteSeq_RalcACE2_05_bin2,TiteSeq_RalcACE2,RalcACE2,2,5,220427,1312985,/shared/ngs/illumina/tstarr/220510_VH00699_119_AAAYKMFM5/Unaligned/Project_tstarr/220427_s05-b2_S18_R1_001.fastq.gz
lib40,SARSr-DMS,TiteSeq_RalcACE2_05_bin3,TiteSeq_RalcACE2,RalcACE2,3,5,220427,246767,/shared/ngs/illumina/tstarr/220510_VH00699_119_AAAYKMFM5/Unaligned/Project_tstarr/220427_s05-b3_S19_R1_001.fastq.gz
lib40,SARSr-DMS,TiteSeq_RalcACE2_05_bin4,TiteSeq_RalcACE2,RalcACE2,4,5,220427,1422547,/shared/ngs/illumina/tstarr/220510_VH00699_119_AAAYKMFM5/Unaligned/Project_tstarr/220427_s05-b4_S20_R1_001.fastq.gz
lib40,SARSr-DMS,TiteSeq_RalcACE2_06_bin1,TiteSeq_RalcACE2,RalcACE2,1,6,220427,10837285,/shared/ngs/illumina/tstarr/220510_VH00699_119_AAAYKMFM5/Unaligned/Project_tstarr/220427_s06-b1_S21_R1_001.fastq.gz
lib40,SARSr-DMS,TiteSeq_RalcACE2_06_bin2,TiteSeq_RalcACE2,RalcACE2,2,6,220427,846788,/shared/ngs/illumina/tstarr/220510_VH00699_119_AAAYKMFM5/Unaligned/Project_tstarr/220427_s06-b2_S22_R1_001.fastq.gz
lib40,SARSr-DMS,TiteSeq_RalcACE2_06_bin3,TiteSeq_RalcACE2,RalcACE2,3,6,220427,1060123,/shared/ngs/illumina/tstarr/220510_VH00699_119_AAAYKMFM5/Unaligned/Project_tstarr/220427_s06-b3_S23_R1_001.fastq.gz
lib40,SARSr-DMS,TiteSeq_RalcACE2_06_bin4,TiteSeq_RalcACE2,RalcACE2,4,6,220427,293545,/shared/ngs/illumina/tstarr/220510_VH00699_119_AAAYKMFM5/Unaligned/Project_tstarr/220427_s06-b4_S24_R1_001.fastq.gz
lib40,SARSr-DMS,TiteSeq_RalcACE2_07_bin1,TiteSeq_RalcACE2,RalcACE2,1,7,220427,11162507,/shared/ngs/illumina/tstarr/220510_VH00699_119_AAAYKMFM5/Unaligned/Project_tstarr/220427_s07-b1_S25_R1_001.fastq.gz
lib40,SARSr-DMS,TiteSeq_RalcACE2_07_bin2,TiteSeq_RalcACE2,RalcACE2,2,7,220427,1529603,/shared/ngs/illumina/tstarr/220510_VH00699_119_AAAYKMFM5/Unaligned/Project_tstarr/220427_s07-b2_S26_R1_001.fastq.gz
lib40,SARSr-DMS,TiteSeq_RalcACE2_07_bin3,TiteSeq_RalcACE2,RalcACE2,3,7,220427,328349,/shared/ngs/illumina/tstarr/220510_VH00699_119_AAAYKMFM5/Unaligned/Project_tstarr/220427_s07-b3_S27_R1_001.fastq.gz
lib40,SARSr-DMS,TiteSeq_RalcACE2_07_bin4,TiteSeq_RalcACE2,RalcACE2,4,7,220427,39,/shared/ngs/illumina/tstarr/220510_VH00699_119_AAAYKMFM5/Unaligned/Project_tstarr/220427_s07-b4_S28_R1_001.fastq.gz
lib40,SARSr-DMS,TiteSeq_RalcACE2_08_bin1,TiteSeq_RalcACE2,RalcACE2,1,8,220427,12231050,/shared/ngs/illumina/tstarr/220510_VH00699_119_AAAYKMFM5/Unaligned/Project_tstarr/220427_s08-b1_S29_R1_001.fastq.gz
lib40,SARSr-DMS,TiteSeq_RalcACE2_08_bin2,TiteSeq_RalcACE2,RalcACE2,2,8,220427,994761,/shared/ngs/illumina/tstarr/220510_VH00699_119_AAAYKMFM5/Unaligned/Project_tstarr/220427_s08-b2_S30_R1_001.fastq.gz
lib40,SARSr-DMS,TiteSeq_RalcACE2_08_bin3,TiteSeq_RalcACE2,RalcACE2,3,8,220427,143,/shared/ngs/illumina/tstarr/220510_VH00699_119_AAAYKMFM5/Unaligned/Project_tstarr/220427_s08-b3_S31_R1_001.fastq.gz
lib40,SARSr-DMS,TiteSeq_RalcACE2_08_bin4,TiteSeq_RalcACE2,RalcACE2,4,8,220427,17,/shared/ngs/illumina/tstarr/220510_VH00699_119_AAAYKMFM5/Unaligned/Project_tstarr/220427_s08-b4_S32_R1_001.fastq.gz
lib40,SARSr-DMS,TiteSeq_RalcACE2_09_bin1,TiteSeq_RalcACE2,RalcACE2,1,9,220427,12363282,/shared/ngs/illumina/tstarr/220510_VH00699_119_AAAYKMFM5/Unaligned/Project_tstarr/220427_s09-b1_S33_R1_001.fastq.gz
lib40,SARSr-DMS,TiteSeq_RalcACE2_09_bin2,TiteSeq_RalcACE2,RalcACE2,2,9,220427,350184,/shared/ngs/illumina/tstarr/220510_VH00699_119_AAAYKMFM5/Unaligned/Project_tstarr/220427_s09-b2_S34_R1_001.fastq.gz
lib40,SARSr-DMS,TiteSeq_RalcACE2_09_bin3,TiteSeq_RalcACE2,RalcACE2,3,9,220427,93,/shared/ngs/illumina/tstarr/220510_VH00699_119_AAAYKMFM5/Unaligned/Project_tstarr/220427_s09-b3_S35_R1_001.fastq.gz
lib40,SARSr-DMS,TiteSeq_RalcACE2_09_bin4,TiteSeq_RalcACE2,RalcACE2,4,9,220427,11,/shared/ngs/illumina/tstarr/220510_VH00699_119_AAAYKMFM5/Unaligned/Project_tstarr/220427_s09-b4_S36_R1_001.fastq.gz
lib46,pan-sarbeco,TiteSeq_RalcACE2_01_bin1,TiteSeq_RalcACE2,RalcACE2,1,1,220427,2216108,/shared/ngs/illumina/tstarr/220510_VH00699_119_AAAYKMFM5/Unaligned/Project_tstarr/220427_s10-b1_S37_R1_001.fastq.gz
lib46,pan-sarbeco,TiteSeq_RalcACE2_01_bin2,TiteSeq_RalcACE2,RalcACE2,2,1,220427,627043,/shared/ngs/illumina/tstarr/220510_VH00699_119_AAAYKMFM5/Unaligned/Project_tstarr/220427_s10-b2_S38_R1_001.fastq.gz
lib46,pan-sarbeco,TiteSeq_RalcACE2_01_bin3,TiteSeq_RalcACE2,RalcACE2,3,1,220427,499387,/shared/ngs/illumina/tstarr/220510_VH00699_119_AAAYKMFM5/Unaligned/Project_tstarr/220427_s10-b3_S39_R1_001.fastq.gz
lib46,pan-sarbeco,TiteSeq_RalcACE2_01_bin4,TiteSeq_RalcACE2,RalcACE2,4,1,220427,1926422,/shared/ngs/illumina/tstarr/220510_VH00699_119_AAAYKMFM5/Unaligned/Project_tstarr/220427_s10-b4_S40_R1_001.fastq.gz
lib46,pan-sarbeco,TiteSeq_RalcACE2_02_bin1,TiteSeq_RalcACE2,RalcACE2,1,2,220427,2651688,/shared/ngs/illumina/tstarr/220510_VH00699_119_AAAYKMFM5/Unaligned/Project_tstarr/220427_s11-b1_S41_R1_001.fastq.gz
lib46,pan-sarbeco,TiteSeq_RalcACE2_02_bin2,TiteSeq_RalcACE2,RalcACE2,2,2,220427,541611,/shared/ngs/illumina/tstarr/220510_VH00699_119_AAAYKMFM5/Unaligned/Project_tstarr/220427_s11-b2_S42_R1_001.fastq.gz
lib46,pan-sarbeco,TiteSeq_RalcACE2_02_bin3,TiteSeq_RalcACE2,RalcACE2,3,2,220427,551346,/shared/ngs/illumina/tstarr/220510_VH00699_119_AAAYKMFM5/Unaligned/Project_tstarr/220427_s11-b3_S43_R1_001.fastq.gz
lib46,pan-sarbeco,TiteSeq_RalcACE2_02_bin4,TiteSeq_RalcACE2,RalcACE2,4,2,220427,1756837,/shared/ngs/illumina/tstarr/220510_VH00699_119_AAAYKMFM5/Unaligned/Project_tstarr/220427_s11-b4_S44_R1_001.fastq.gz
lib46,pan-sarbeco,TiteSeq_RalcACE2_03_bin1,TiteSeq_RalcACE2,RalcACE2,1,3,220427,3348268,/shared/ngs/illumina/tstarr/220510_VH00699_119_AAAYKMFM5/Unaligned/Project_tstarr/220427_s12-b1_S45_R1_001.fastq.gz
lib46,pan-sarbeco,TiteSeq_RalcACE2_03_bin2,TiteSeq_RalcACE2,RalcACE2,2,3,220427,572912,/shared/ngs/illumina/tstarr/220510_VH00699_119_AAAYKMFM5/Unaligned/Project_tstarr/220427_s12-b2_S46_R1_001.fastq.gz
lib46,pan-sarbeco,TiteSeq_RalcACE2_03_bin3,TiteSeq_RalcACE2,RalcACE2,3,3,220427,540578,/shared/ngs/illumina/tstarr/220510_VH00699_119_AAAYKMFM5/Unaligned/Project_tstarr/220427_s12-b3_S47_R1_001.fastq.gz
lib46,pan-sarbeco,TiteSeq_RalcACE2_03_bin4,TiteSeq_RalcACE2,RalcACE2,4,3,220427,1510682,/shared/ngs/illumina/tstarr/220510_VH00699_119_AAAYKMFM5/Unaligned/Project_tstarr/220427_s12-b4_S48_R1_001.fastq.gz
lib46,pan-sarbeco,TiteSeq_RalcACE2_04_bin1,TiteSeq_RalcACE2,RalcACE2,1,4,220427,3253788,/shared/ngs/illumina/tstarr/220510_VH00699_119_AAAYKMFM5/Unaligned/Project_tstarr/220427_s13-b1_S49_R1_001.fastq.gz
lib46,pan-sarbeco,TiteSeq_RalcACE2_04_bin2,TiteSeq_RalcACE2,RalcACE2,2,4,220427,571273,/shared/ngs/illumina/tstarr/220510_VH00699_119_AAAYKMFM5/Unaligned/Project_tstarr/220427_s13-b2_S50_R1_001.fastq.gz
lib46,pan-sarbeco,TiteSeq_RalcACE2_04_bin3,TiteSeq_RalcACE2,RalcACE2,3,4,220427,435825,/shared/ngs/illumina/tstarr/220510_VH00699_119_AAAYKMFM5/Unaligned/Project_tstarr/220427_s13-b3_S51_R1_001.fastq.gz
lib46,pan-sarbeco,TiteSeq_RalcACE2_04_bin4,TiteSeq_RalcACE2,RalcACE2,4,4,220427,1193696,/shared/ngs/illumina/tstarr/220510_VH00699_119_AAAYKMFM5/Unaligned/Project_tstarr/220427_s13-b4_S52_R1_001.fastq.gz
lib46,pan-sarbeco,TiteSeq_RalcACE2_05_bin1,TiteSeq_RalcACE2,RalcACE2,1,5,220427,3735293,/shared/ngs/illumina/tstarr/220510_VH00699_119_AAAYKMFM5/Unaligned/Project_tstarr/220427_s14-b1_S53_R1_001.fastq.gz
lib46,pan-sarbeco,TiteSeq_RalcACE2_05_bin2,TiteSeq_RalcACE2,RalcACE2,2,5,220427,741077,/shared/ngs/illumina/tstarr/220510_VH00699_119_AAAYKMFM5/Unaligned/Project_tstarr/220427_s14-b2_S54_R1_001.fastq.gz
lib46,pan-sarbeco,TiteSeq_RalcACE2_05_bin3,TiteSeq_RalcACE2,RalcACE2,3,5,220427,329965,/shared/ngs/illumina/tstarr/220510_VH00699_119_AAAYKMFM5/Unaligned/Project_tstarr/220427_s14-b3_S55_R1_001.fastq.gz
lib46,pan-sarbeco,TiteSeq_RalcACE2_05_bin4,TiteSeq_RalcACE2,RalcACE2,4,5,220427,978045,/shared/ngs/illumina/tstarr/220510_VH00699_119_AAAYKMFM5/Unaligned/Project_tstarr/220427_s14-b4_S56_R1_001.fastq.gz
lib46,pan-sarbeco,TiteSeq_RalcACE2_06_bin1,TiteSeq_RalcACE2,RalcACE2,1,6,220427,4029438,/shared/ngs/illumina/tstarr/220510_VH00699_119_AAAYKMFM5/Unaligned/Project_tstarr/220427_s15-b1_S57_R1_001.fastq.gz
lib46,pan-sarbeco,TiteSeq_RalcACE2_06_bin2,TiteSeq_RalcACE2,RalcACE2,2,6,220427,655108,/shared/ngs/illumina/tstarr/220510_VH00699_119_AAAYKMFM5/Unaligned/Project_tstarr/220427_s15-b2_S58_R1_001.fastq.gz
lib46,pan-sarbeco,TiteSeq_RalcACE2_06_bin3,TiteSeq_RalcACE2,RalcACE2,3,6,220427,705763,/shared/ngs/illumina/tstarr/220510_VH00699_119_AAAYKMFM5/Unaligned/Project_tstarr/220427_s15-b3_S59_R1_001.fastq.gz
lib46,pan-sarbeco,TiteSeq_RalcACE2_06_bin4,TiteSeq_RalcACE2,RalcACE2,4,6,220427,185168,/shared/ngs/illumina/tstarr/220510_VH00699_119_AAAYKMFM5/Unaligned/Project_tstarr/220427_s15-b4_S60_R1_001.fastq.gz
lib46,pan-sarbeco,TiteSeq_RalcACE2_07_bin1,TiteSeq_RalcACE2,RalcACE2,1,7,220427,4101560,/shared/ngs/illumina/tstarr/220510_VH00699_119_AAAYKMFM5/Unaligned/Project_tstarr/220427_s16-b1_S61_R1_001.fastq.gz
lib46,pan-sarbeco,TiteSeq_RalcACE2_07_bin2,TiteSeq_RalcACE2,RalcACE2,2,7,220427,903157,/shared/ngs/illumina/tstarr/220510_VH00699_119_AAAYKMFM5/Unaligned/Project_tstarr/220427_s16-b2_S62_R1_001.fastq.gz
lib46,pan-sarbeco,TiteSeq_RalcACE2_07_bin3,TiteSeq_RalcACE2,RalcACE2,3,7,220427,165306,/shared/ngs/illumina/tstarr/220510_VH00699_119_AAAYKMFM5/Unaligned/Project_tstarr/220427_s16-b3_S63_R1_001.fastq.gz
lib46,pan-sarbeco,TiteSeq_RalcACE2_07_bin4,TiteSeq_RalcACE2,RalcACE2,4,7,220427,38,/shared/ngs/illumina/tstarr/220510_VH00699_119_AAAYKMFM5/Unaligned/Project_tstarr/220427_s16-b4_S64_R1_001.fastq.gz
lib46,pan-sarbeco,TiteSeq_RalcACE2_08_bin1,TiteSeq_RalcACE2,RalcACE2,1,8,220427,5288086,/shared/ngs/illumina/tstarr/220510_VH00699_119_AAAYKMFM5/Unaligned/Project_tstarr/220427_s17-b1_S65_R1_001.fastq.gz
lib46,pan-sarbeco,TiteSeq_RalcACE2_08_bin2,TiteSeq_RalcACE2,RalcACE2,2,8,220427,580913,/shared/ngs/illumina/tstarr/220510_VH00699_119_AAAYKMFM5/Unaligned/Project_tstarr/220427_s17-b2_S66_R1_001.fastq.gz
lib46,pan-sarbeco,TiteSeq_RalcACE2_08_bin3,TiteSeq_RalcACE2,RalcACE2,3,8,220427,2122,/shared/ngs/illumina/tstarr/220510_VH00699_119_AAAYKMFM5/Unaligned/Project_tstarr/220427_s17-b3_S67_R1_001.fastq.gz
lib46,pan-sarbeco,TiteSeq_RalcACE2_08_bin4,TiteSeq_RalcACE2,RalcACE2,4,8,220427,18,/shared/ngs/illumina/tstarr/220510_VH00699_119_AAAYKMFM5/Unaligned/Project_tstarr/220427_s17-b4_S68_R1_001.fastq.gz
lib46,pan-sarbeco,TiteSeq_RalcACE2_09_bin1,TiteSeq_RalcACE2,RalcACE2,1,9,220427,5263059,/shared/ngs/illumina/tstarr/220510_VH00699_119_AAAYKMFM5/Unaligned/Project_tstarr/220427_s18-b1_S69_R1_001.fastq.gz
lib46,pan-sarbeco,TiteSeq_RalcACE2_09_bin2,TiteSeq_RalcACE2,RalcACE2,2,9,220427,206887,/shared/ngs/illumina/tstarr/220510_VH00699_119_AAAYKMFM5/Unaligned/Project_tstarr/220427_s18-b2_S70_R1_001.fastq.gz
lib46,pan-sarbeco,TiteSeq_RalcACE2_09_bin3,TiteSeq_RalcACE2,RalcACE2,3,9,220427,188,/shared/ngs/illumina/tstarr/220510_VH00699_119_AAAYKMFM5/Unaligned/Project_tstarr/220427_s18-b3_S71_R1_001.fastq.gz
lib46,pan-sarbeco,TiteSeq_RalcACE2_09_bin4,TiteSeq_RalcACE2,RalcACE2,4,9,220427,7,/shared/ngs/illumina/tstarr/220510_VH00699_119_AAAYKMFM5/Unaligned/Project_tstarr/220427_s18-b4_S72_R1_001.fastq.gz
lib40,SARSr-DMS,TiteSeq_RpearACE2_01_bin1,TiteSeq_RpearACE2,RpearACE2,1,1,220427,5122325,/shared/ngs/illumina/tstarr/220510_VH00699_119_AAAYKMFM5/Unaligned/Project_tstarr/220427_s19-b1_S73_R1_001.fastq.gz
lib40,SARSr-DMS,TiteSeq_RpearACE2_01_bin2,TiteSeq_RpearACE2,RpearACE2,2,1,220427,7609326,/shared/ngs/illumina/tstarr/220510_VH00699_119_AAAYKMFM5/Unaligned/Project_tstarr/220427_s19-b2_S74_R1_001.fastq.gz
lib40,SARSr-DMS,TiteSeq_RpearACE2_01_bin3,TiteSeq_RpearACE2,RpearACE2,3,1,220427,113488,/shared/ngs/illumina/tstarr/220510_VH00699_119_AAAYKMFM5/Unaligned/Project_tstarr/220427_s19-b3_S75_R1_001.fastq.gz
lib40,SARSr-DMS,TiteSeq_RpearACE2_01_bin4,TiteSeq_RpearACE2,RpearACE2,4,1,220427,7850,/shared/ngs/illumina/tstarr/220510_VH00699_119_AAAYKMFM5/Unaligned/Project_tstarr/220427_s19-b4_S76_R1_001.fastq.gz
lib46,pan-sarbeco,TiteSeq_RpearACE2_01_bin1,TiteSeq_RpearACE2,RpearACE2,1,1,220427,3619130,/shared/ngs/illumina/tstarr/220510_VH00699_119_AAAYKMFM5/Unaligned/Project_tstarr/220427_s20-b1_S77_R1_001.fastq.gz
lib46,pan-sarbeco,TiteSeq_RpearACE2_01_bin2,TiteSeq_RpearACE2,RpearACE2,2,1,220427,2092338,/shared/ngs/illumina/tstarr/220510_VH00699_119_AAAYKMFM5/Unaligned/Project_tstarr/220427_s20-b2_S78_R1_001.fastq.gz
lib46,pan-sarbeco,TiteSeq_RpearACE2_01_bin3,TiteSeq_RpearACE2,RpearACE2,3,1,220427,20141,/shared/ngs/illumina/tstarr/220510_VH00699_119_AAAYKMFM5/Unaligned/Project_tstarr/220427_s20-b3_S79_R1_001.fastq.gz
lib46,pan-sarbeco,TiteSeq_RpearACE2_01_bin4,TiteSeq_RpearACE2,RpearACE2,4,1,220427,446,/shared/ngs/illumina/tstarr/220510_VH00699_119_AAAYKMFM5/Unaligned/Project_tstarr/220427_s20-b4_S80_R1_001.fastq.gz